user_id,item_id
1,"[1124029, 5582712, 1005186, 940947, 6534178]"
3,[ 9337581  9337369 10204487 13842214  1124729]
6,[13003092 12262778 12262978  1128333 12263692]
7,"[1082185, 1127831, 9836460, 6534178, 6533889]"
8,[7155012 8116306 5580793  945756  895039]
9,[  862799 12384565  1056005 12171886 12172071]
13,"[6534178, 6533889, 1082185, 6534166, 6533765]"
14,[9416729 1118046 1062966 1025611  910673]
15,[ 1082185  1117514 12518330  1127831  1135476]
16,[1082185 1127831 1081177 1041259  995785]
17,[997415 944486 948670 909497 838220]
18,"[6533889, 1049788, 1021164, 6534178, 1082185]"
19,"[6534178, 6533765, 1099089, 1131438, 6533889]"
20,[ 6534178  9337581  9575181 13095132  1075368]
22,"[6534178, 8090440, 1043751, 6533889, 1082185]"
23,[ 8160319  7167857 10351524  1075368  1055863]
24,[9835619  970152  986912 1076056 1036501]
25,"[6534178, 1118281, 1075793, 929018, 6533889]"
26,[9677407 1018184 1070015  985119 8119303]
27,[ 7441391 12731808 12456256  8160319  9879409]
28,[13073225  8019921 13416117  7409824  9677934]
29,[5978648 1135566 1076842 1033615  935284]
30,[ 923746  951526 1106523  857849  868075]
31,"[6534178, 1040807, 1138443, 971922, 6533889]"
32,[1112238 1105488 6034857 1082185 1137688]
33,[8090537 1106523 5564901 9831469 1111230]
34,[879755 883404 916381 885858 999971]
35,[ 866540 6534178  986912 1126899 1058997]
36,[1110843 1007136 1005186 1082185 1096317]
37,[6534178 6533765 1067695 1097001  844165]
39,"[1082185, 6602729, 6602697, 12731436, 6534178]"
40,"[6534178, 6533889, 1082185, 6534166, 6533765]"
41,[12262830 12262778 12810393 13007264 12811532]
42,"[1089568, 1060673, 878222, 1082185, 6534178]"
43,[874736 844165 962118 879755 990440]
46,"[1103691, 937292, 862335, 886481, 6534178]"
47,[1105488 1043301 1046262  995785  859427]
48,[12810393  1044078   916122   828106   996028]
49,[ 6534178 12810393 12812261 12301405 12349795]
52,[ 972665  904997  899019  854405 1082185]
53,[ 1044078   844179   999858   916122 12301109]
55,"[849843, 844165, 889731, 6534178, 6533889]"
56,[1101010 1137775 1046827  940947  986912]
57,[ 6534166 12484608  1042697   882305   866227]
58,"[6534178, 14025500, 1115874, 1125837, 6533889]"
59,[10457471   957951 10149640  1056509  1024032]
60,[1005186 6533889 6534166 5978656 6544236]
63,[1005186  872342 6533889 6534166 5978656]
64,[13115504  7147145  7152455 12757425 12757653]
65,[12781924  7160763  1124729  1118393  5580793]
67,"[6534178, 971922, 933835, 995151, 6533889]"
68,"[6534178, 397896, 259120, 1101010, 6533889]"
69,[1127470  836445 1025611  910673  854405]
70,"[1080414, 1039156, 894236, 6534178, 6533889]"
71,[13072850 12696183  1124729  1080414  1055863]
72,[1082185 5585510 1127831 1119051 1081177]
73,[10118257  1083446   997796   845774   948832]
74,[1005186 1082185 1105488 1098248 1116207]
75,[1005186 6533889 6534166 5978656 6544236]
76,[1082185 6034857 1127831 1081177 1043301]
77,[8116306 8205731 1124729 1115874 1055863]
78,"[1082185, 835098, 849843, 6534178, 6533889]"
79,[ 6533889   882305 12810391   938138   916122]
80,[1093030 1043751  993638  986912  971922]
81,[1082185  847982  844165  845193 1053763]
82,[ 1119761 12262978 12810464 12810389 13072766]
83,[1082185 1112333 1127831 5591611 1041259]
84,[1082185 1123958 1082990 9575181 1134109]
85,[1082185 1043301  979707 1033142 1003600]
86,[1110843 1091365 1005186 1005991  866227]
87,[1084591 5592888 1079528 1080414 1044507]
88,"[6534178, 12456375, 6533889, 1082185, 6534166]"
89,[1005186 6533889 6534166 5978656 6544236]
90,[ 986912 1082185 9836903 1127831 1070820]
91,"[6534178, 12754036, 1109014, 6533889, 1082185]"
92,[1082185 1117514 1052912 1041259  834484]
94,[1005186 1007136  873550 1130452  905164]
95,"[6534178, 9524291, 1043751, 6533889, 1082185]"
97,"[6534178, 1075368, 6533889, 1082185, 6534166]"
98,"[1082185, 1055646, 1037863, 878302, 6534178]"
99,[1082185 1102949 9705473 1098248 6034857]
101,"[6534178, 6533765, 6533889, 1082185, 6534166]"
103,[ 1118393  1092948  1103556  7157395 10285144]
104,[ 7441558 12811966  1128665  1080414  1069506]
105,"[9836903, 1139830, 1005186, 6534178, 6533889]"
106,[6534178 6533765 1404121 1044078  916122]
108,[1082185 1127831 1105488 1055504 1046262]
109,"[1082185, 1096317, 1137688, 8290421, 6534178]"
110,[6534178 6533765  910291  839419 1012587]
111,[5978656 5978648 1095275 6534178 1133018]
112,[6534178 6533765 1137775 1018740  845307]
113,"[6534178, 8090440, 1404121, 6533889, 1082185]"
114,"[970747, 916122, 996955, 5568489, 6534178]"
115,"[6534178, 397896, 9487885, 6533889, 1082185]"
116,[1082185 1116821 1037863 1013703  995785]
117,"[1056651, 862349, 995242, 951590, 6534178]"
118,"[6534178, 6533765, 1082185, 1127831, 6533889]"
119,[1082185 1102949 1112238  891141  908846]
120,[1110843 1007136 1005186 6533889 6534166]
121,[1033615 1053763  989075  923746 1036432]
122,[1045109  940947 1002787  906335 1005186]
123,[1102139 1132204 1045966 1005186  890610]
124,[1077555  833025  883404 1092026 9526410]
125,"[6534178, 1029743, 844165, 6533889, 1082185]"
127,[ 6534178 13842214 10285144  5981072  1075368]
128,[1062966 1045109 1065122 1064755 1082185]
131,[1075214 1058997 1029743  903230  821083]
132,[5588161 1095700 1107289  825365  905539]
133,[1082185 1102949 1101706 1127831 1119051]
135,[862349 861272 961791 834826 840361]
136,[13095243 10456655  7431989  1114050  1115874]
138,[1082185 1127831 1081177 1051516  995785]
139,[6534178 1095275 1092264 1041177 1082185]
142,"[1074524, 1070015, 1082212, 6534178, 6533889]"
143,[1105467 1118393 1092948 5590765 9337581]
144,[ 930283  917384  883404  879755 1106523]
145,[1082185 1101706 8160430 1052912  995785]
147,[ 908531 1133018  860975  994928  909894]
148,[ 995151  883003  999250 1082185 1116207]
149,"[6534178, 9546982, 937292, 6533889, 1082185]"
151,[1035843  932006  959076 8090521  995242]
152,[1082185 1127831 1051516 1062002 1040693]
153,"[822677, 5589247, 916767, 8011397, 6534178]"
154,[ 844165 1030362 1098066 1101858  930283]
155,[1098066 1114597  883404  826249  917742]
156,[6534178 1051323 1038663  916122 1000753]
157,[1083446  844462 1082185 1098844  962229]
158,[1098927 1055503 1128240 1135258 1113111]
159,[8205218 1095700 5588161 1012587 1002418]
160,[1110843 1005186 1070820 1138423  999971]
161,"[8091192, 935527, 1014675, 900185, 6534178]"
162,"[1022428, 1034176, 1122358, 6534178, 6533889]"
163,[1005186 5978656 6533889 6534166 6544236]
164,[1075305  968932  883404  833025 1029743]
165,[8205218 8065410 6464086 1051989 1012587]
166,[10204822  1097363  1118393  1114050  1094371]
167,[1005186 1077143 1132911  948384 6533889]
171,[1106301 1119860 1044078  916122  874972]
172,"[6534178, 6533765, 6533889, 1082185, 6534166]"
175,[1082185 1117514 1101956 1081177 1068562]
177,[5978656  882305 1009449 6534178 1082185]
178,[10285144  9706982  9189814 13842090  1118120]
180,[1021164 1049788 1121321 5586797 8203599]
182,[1055646 1037863 1046545  847270  854852]
183,[ 7147145  8118676  7407023 13987010 13095243]
184,"[6534178, 6533765, 480014, 6533889, 1082185]"
185,[9416729 1095700 1050534 1020682  905539]
188,[1005186 1127758  917384 1044078  999858]
189,[1124971 1043751  986912 1000493  933835]
191,[6534166 6544236 6533889 1015785 1031087]
192,[1131438 1002850 1026058  997796  947201]
193,[6534178 6533765 6410462  397896  930486]
194,"[1119051, 1112238, 1082185, 6534178, 6533889]"
195,[1070702 1055503 1050851 1000753  844179]
196,[ 9835223 12262978 12301405  9836106 12262778]
197,"[1126899, 951590, 9881593, 1075214, 6534178]"
198,[12810391 12731432 12262978 12263692 12731702]
199,[ 1110843  1108429  1091365  1005186 12301073]
200,[1037894  873203  863802 1085604  935959]
201,"[1108168, 1138292, 999971, 5567502, 6534178]"
203,[1110843 1005186 1127328 6534178  849843]
204,[ 872137 1110793  994928  910745  923746]
205,[ 1092118  7431990 13095243  1135681  7443320]
206,[ 926905  883404 1004436 1106523 1090931]
207,[6534178 1082185 1119051 1127831 1081177]
208,[6534178 1137775  993638  921504  845379]
209,"[6534178, 6533765, 1082185, 6533889, 6534166]"
210,[12262778 12262978 12810389 12811532  1092878]
211,[1082185 1127831 1098248 1105488 1081177]
212,[1082185 1096317 1127831 1081177 1062002]
214,[12349795  1055425   944836   848029   838258]
215,"[895540, 882288, 994928, 852035, 6534178]"
216,"[9926758, 1128812, 1077143, 866227, 6534178]"
217,[6534178 1101959 8203342  844697 5978648]
218,"[7441391, 13842088, 12731484, 9677200, 6534178]"
219,"[6534178, 5566398, 1024629, 8119004, 6533889]"
220,[ 6534178  8160319  1012587 13212980   852856]
221,[1137775 1043751 1018740 1028995  935317]
222,[1087618 1114050  948670  942088  839419]
223,"[9487885, 8119004, 5588161, 904129, 6534178]"
224,"[1082185, 979707, 834484, 5569230, 6534178]"
225,[1135566 9833277 9858947  850601  911812]
226,[9836903 1099089 1042544  904129 1012587]
227,[1106073  968036  954077  942556  835004]
228,[1095275 1092264 5568228  866227  890610]
230,[1082185 1105488 9832160  883404  820560]
232,[6534178 7407023 7441391 9337581 9858810]
233,[1082185 1127831 1081177 1041259  904360]
235,"[6534178, 8090440, 961979, 986912, 6533889]"
236,[5568489  822677  906838  893501  908489]
237,[9935616 7410347 5569230 6773219 1119060]
238,"[1102416, 948670, 839208, 868764, 6534178]"
239,[1039156 1055863  948670  942088  910291]
240,[1082185 1127831 1081177 1041259  904360]
242,[1136988 1069506  924770 1039156 1071554]
243,"[6534178, 6533889, 1082185, 6534166, 6533765]"
244,"[1131115, 1133018, 909894, 994928, 6534178]"
245,[ 6534178  1404121   825999 12731517   974156]
246,[1110843 1108429 1063207 1127328  862349]
247,"[986912, 1082185, 1102949, 1137688, 6534178]"
248,[6534178 1082185 1101706 1029688 1076842]
249,"[1053690, 883404, 995242, 1029743, 6534178]"
250,[1118393 1027569 1022097 1076875  844165]
251,[1053690  862349  893501  916381 1132770]
253,"[6534178, 8293732, 7126663, 1092948, 6533889]"
254,[12810391  1044078  1070702   916122   874972]
255,[1044078 1022199  946839  916122  874972]
256,[1101706 6602440 1044153 1043301  944836]
257,[1093413 1132911 1139216 1068504 1025611]
258,[1082185 1870702 1081177 1055646  834484]
259,[  940947 12262830 12984576 13506200  5574409]
260,[1007136 1005186 6534166  821695 6533889]
261,[8205218  825538  823704  981086 1027168]
262,[1101010 1124971 1136033 1132771 1040807]
263,[13210025  8065410  1104604  1109778   969725]
267,"[954809, 935393, 1134522, 948888, 6534178]"
269,[6534166 6544236 9469110 8273833 9416729]
271,[1005186  904997 8203782  882305 5978656]
273,[1053690  879734 1137346 1129049  840601]
275,"[6534178, 6533765, 8019921, 6533889, 1082185]"
276,"[6534178, 926646, 1132771, 993638, 6533889]"
277,[1130858 1095700 1131438 1131344 1042544]
278,"[9833277, 1051323, 1070702, 874972, 6534178]"
279,[10118257   823704   940947  1020682   995896]
280,[6534178 5578437 1097849 1135258 1044078]
281,[1070820  862349  833025  999104 1083721]
282,[6534178 1091365 1110843 1007136 1005186]
283,"[5978656, 15971546, 1111391, 1041376, 6534178]"
285,[ 1107289  1118235  1100658 10456655  9552910]
286,[1127328 6533889 6534166 5978656 6544236]
287,[1106523 1133018  981760  952317 1033615]
288,"[9837074, 7126663, 7407023, 1082185, 6534178]"
289,"[12484608, 6533889, 6534178, 1082185, 6534166]"
290,"[7160764, 9337581, 9575181, 6534178, 6533889]"
291,[8160319 9879410 1110843 1091365 1137304]
292,[6534178 1015247 1013928 1025535 5590765]
293,[1082185 1101956 1127831 1135476 1081177]
294,"[1082185, 1102949, 9705473, 1106523, 6534178]"
297,[8293732 1042715 6464086 1132280 5995423]
300,[ 1130029 12301839  9836106  9835451 12302069]
301,[7025203 9521787 9524291 1095393  999270]
302,[1027168  941741  821344  974108 1102959]
303,"[6534178, 1040807, 895930, 9337581, 6533889]"
304,[10285141 10456655  1118393  1137304  6396070]
305,[12484608   981165  1066095  1133378  1099510]
306,"[6534178, 1131438, 1042907, 949965, 6533889]"
307,"[1084591, 1039156, 869195, 6534178, 6533889]"
308,[1041259 1046262  995785 1025650  970030]
311,[1082185 6034857 1127831 1119051 1043301]
314,"[882308, 865528, 837865, 1082185, 6534178]"
316,[1131344 1025611  905539 1050131 1058997]
317,[1087102 1070845 1138443  947316  936355]
318,[1021324 1119946  962229 5569230 1134522]
319,[6534178 1012587  887474  982469 8160319]
320,[1005186 6533889 6534166 5978656 6544236]
321,"[986912, 1008736, 970152, 993638, 6534178]"
322,[1082185 1119051 1098248 1081177 1028816]
324,[1082185 1098844 1127831 1119051 8290421]
325,[ 974156  993638  885863 1065538  995242]
326,[10250293  7431990  1080414  1054123  1043563]
328,[8090440 9655715 1119950 1101010 1129822]
329,"[1095275, 5568228, 876548, 6534178, 6533889]"
331,[1112238 1098844 1096317 1082185 1037863]
332,[1082185 1127831 1119051 6548453 1041259]
334,[1139830 1009449  866227  826144 1082185]
335,[1082185 1098844 1117514 1081177 1051516]
338,"[1082185, 1137688, 1112333, 6534178, 6533889]"
339,[8205218 1042544 1043095  854405  839419]
341,[1005186 5978656 1042715 9245312 6533889]
342,[ 913210  860975  951526 1132770  835576]
343,[1067820  826144  853354 1082185 1134398]
345,[1132771  921836  899019  940947  833940]
346,"[948670, 1022097, 13189726, 9245108, 6534178]"
347,[1110409  986912 1005186 5593053 8203599]
348,[9835223 1044078  895166  819308  967948]
349,"[1082185, 7024990, 1127831, 1081177, 6534178]"
350,[1137775 1040807 1043751  907143  883003]
351,[ 8020166  6979010 12757425  9189814 13842214]
353,[5978656 5978648 1098844 1082185 1119051]
354,[5978656 1127328 1029688  849202 1098066]
356,[ 6534178  6904858  8160319  9575181 12696183]
357,"[1126899, 5586642, 840361, 1011645, 6534178]"
358,[1128812  949294 1009449  866227 1110843]
360,[1005186  866227  866540  876548 6533889]
361,"[1101010, 1104604, 1018740, 819978, 6534178]"
362,[10285144 12781831 10204822  1055863  1005902]
364,[ 1115874 10285144  1055474  1055863  1080414]
365,[ 8203720  8203834  8203710  8203606 14106445]
367,[ 8160319  7441391 10456655 12731484 13095132]
368,[1083446 1042907  882308  904129  932949]
371,"[1099089, 1087102, 871061, 854405, 6534178]"
374,[13212959  8118676  5567322  1125837  1118393]
375,[1029504  823758 8090532 1058942 1030819]
376,"[1033615, 849843, 6534178, 6533889, 1082185]"
377,"[1087102, 1138443, 961979, 971922, 6534178]"
378,[7131491 1039156  948670  969494 1032967]
380,[1099089 1096727 1069863 1062966 1042544]
381,[6633031 7155012 1087785 1075368 1061228]
382,[1082185 7432861 1127831 9705473 1081177]
384,[9546982 8019977 1132280  854405  825538]
385,[1082185 1105488 1117514 6034857 7024990]
386,[1124729 1080414 1051069 1095275  883404]
387,[12781982  1129822  1131506   854502  1138443]
388,"[10285141, 9575181, 10285243, 10285144, 6534178]"
389,"[6534178, 6533889, 6534166, 1082185, 6533765]"
390,"[951590, 5569230, 995242, 844165, 6534178]"
392,[6772791  987480  842805 1082185 1119051]
393,[12778577  7441391  9858947  1128665  1102416]
394,[1063207  926422 1005186 1049788 8203834]
395,[1093030 1104604  885863  834129 1053690]
396,[1082185 1117514 1119051 1127831 1051516]
397,[ 6534178 13842214  9189814  1087102  1132771]
398,[6534178 6533765  904997 1133378  949294]
399,[1005186 6544236 1053460 1029688  849202]
400,"[6533889, 6534166, 6534178, 1082185, 6533765]"
401,"[1124729, 5566398, 1129822, 1061339, 6534178]"
402,[ 9189814 13842090 13842214  7441391 12696183]
403,[1082185 1116821 1081177 1007195 1024306]
404,"[6534178, 397896, 1082185, 6533889, 6534166]"
405,"[1093030, 1101010, 1087102, 1070076, 6534178]"
406,[1110409 1107839  942556  961979 1070015]
408,[1082185 1112238 1098844 1127831 1127179]
409,[ 862349 1070820 1022003  929668 1003421]
410,[1072685 1044078 1070702 1041031 1134678]
411,[1082185 1127831 1137284 5585510 1106301]
412,[6534166 1095275 1139830  882305 6533765]
413,[ 6534178  7431990 10204392 10204393  1103556]
414,[6534178 6533765 8020001 1077143 1008172]
415,[1005186 5978648 6533889 6534166 5978656]
417,"[1082185, 1127831, 1098248, 1119860, 6534178]"
418,"[6534178, 6533765, 901067, 1058997, 6533889]"
419,[ 904997 1015548 1135504 5978648  882305]
420,[1091365  882305 1071302  897954  900491]
421,[6534178 1034176  981760  917384  862349]
424,[ 888586 5978656 1006762  890610  821695]
425,"[13910296, 8291322, 1123842, 988572, 6534178]"
426,"[6534178, 1005186, 6533889, 1082185, 6534166]"
427,[7407023 1102416 1075368 1080414  948670]
430,[ 7441391  9858810  7025275 14025499  1070845]
431,[1092937 1109370  968687  940947  908504]
432,[6544236 6533889 9926758 9835619 1110843]
433,"[1082185, 1119051, 1105488, 1127831, 6534178]"
434,[8065410 1109370 1123842 1062966  971962]
435,"[1053690, 5569230, 6534178, 6533889, 1082185]"
436,[1112238 6034857 1082185 1117514 1137688]
437,[6534178 8119318 1099089 1026058  871061]
438,[13072850 10456655   948670   948953  8065410]
439,[ 879755  935393 1038217  826249  913202]
441,"[1124971, 933835, 6534178, 6533889, 1082185]"
442,"[6534178, 1110843, 6533889, 1082185, 6534166]"
443,[12484608  1082185  1127831  5591611  8290421]
445,[ 969725  825135  866227  938849 5978656]
446,[1005186  888586 6533889 6534166 5978656]
447,[1082185 1081177  995785 1013703  969932]
448,[1128016  998119 1126899  865216  995876]
449,[6534178 6533765 1404121 1005186 6533889]
450,[ 8015407  9189814 13842214 13842090 10285144]
451,[1100658 1109370 1062966 1082185 1105488]
452,[ 872342 5978648  917816 1044078 1115874]
454,[1082185 1081177  904360 1026118  860776]
456,[1120954 1075368 1018588  835861 1062966]
457,[1082185 1062002 1069415  904360  901062]
458,[1082185 1096317 6034857 1055646 1052912]
459,[1039156  863762  894137  970760  986912]
460,"[6534178, 1082185, 1098248, 1098844, 6533889]"
461,[ 995242 1029743  883404 1045220 1019744]
462,[1106073 1137775  834129  995242  908531]
463,"[6534166, 9553193, 7431990, 7441391, 6534178]"
464,[8065410 6464086  993638  999270  937292]
466,[1005186 6533889 6534166 5978656 6544236]
467,[1082185 1055504 1037863 1041259 1025650]
468,"[9655422, 7160764, 9337369, 1131506, 6534178]"
469,"[6534178, 9337581, 9337369, 10204333, 6533889]"
470,"[6534178, 908314, 986596, 6533889, 1082185]"
471,[ 5568228   866227   890999 12810422 12731714]
472,[1110843 5978656 1021164 5978648 1058258]
473,[6534178 1029688 1053016  970866 1056509]
474,[9416729 9835903 1123842 1042544 1001148]
475,[1076881 1082185  833715  916122  908531]
476,[1137346 8090521  836090 6034577  845193]
477,[ 6534178 12731432   881594   908531   849843]
479,[ 866227 1063207 1092948 5995423 1074933]
480,[1005186 1091365  919766 1009449 1139830]
481,[1130858 1096727 1123842 6464086 1042907]
482,[7441558 1128665 1124729 1134736 1121527]
483,[7443069 1119993  950998  917384 1106523]
484,[9546982 1099089 1113438  904129  871061]
485,"[6534178, 8291322, 1130858, 1109370, 6533889]"
486,[1005186 6533889 6534166 5978656 6544236]
487,[1005186  850442 1092264 6533889 6534166]
488,[6533889 6534166 5978656 6544236 1082185]
489,"[6534178, 13842088, 6533889, 1082185, 6534166]"
490,"[7431990, 1075368, 1087785, 6534178, 6533889]"
491,[ 6534178 10351524 10285106  1105728  1092948]
493,"[6534178, 1118281, 1070723, 6533889, 1082185]"
495,[ 1091365  1049788  8203834   926737 12946027]
496,[1005186  872342 1015532 6533889 6534166]
497,[ 906844 9527159 1004436 9527290  862349]
498,[ 927191 1129671  938700  829950 1058686]
501,[ 849843  979973 1050229  952254  940980]
502,[ 849843  898980 1070015  833715  981760]
503,[1082185 1137688 6034857 1127179 1127831]
505,[12810391 12262778  1044078  1070702   874972]
506,[1125199 5567486  827570  877358  886481]
507,[6533889  919766  866227  876548 5568228]
510,[10351524 13095134 10356061  1123958   964356]
511,"[6534178, 6533765, 9881834, 6533889, 1082185]"
512,[1112333 1082185  908846  899624  845208]
513,[9245417 1087618 1102416 1080414 1052294]
514,"[1082185, 1126786, 6534178, 6533889, 6534166]"
515,[1034176  927191 8090521 1038217  849843]
517,[1082185 1096317 1127179 1137688 1098844]
518,[9524291 1137775 1101010 1040807  952408]
519,[1137688 1119051 1127831 1101706 1119405]
520,[ 883404 8090537 7167218  823758 1048462]
521,[12517450 14106445  9245312  5568228  1082185]
523,"[6534178, 1110572, 6533889, 1082185, 6534166]"
524,[1082185 1098844 1098248 1105488 1117514]
525,[1101010 1138443 1115711 1124971 1070845]
526,"[6534178, 397896, 1065593, 6533889, 1082185]"
527,"[1131321, 1101010, 1132771, 6534178, 6533889]"
528,[1082185 5585510 1127831 1081177  962568]
530,[13073225   979551   950638  1009449  5978648]
532,[1005186  980823 1049788 6533889 6534166]
534,[1043095  927191  874058  995242  898980]
536,[ 1005186  5978656   883404  1044078 12810391]
537,"[12781831, 1116635, 897298, 894236, 6534178]"
538,[1082185 1098844 1119051 1101956 1119405]
539,"[6534178, 6533765, 1404121, 397896, 6533889]"
540,"[1082185, 1137688, 1126375, 1119051, 6534178]"
541,[1106523  868075  856772  898869 1079023]
542,[6534178 6533765 1119761 1130375 1050851]
543,"[1118046, 1110057, 968687, 886481, 6534178]"
544,[12810393 12731436  7135183  1082185  1098248]
545,"[1070076, 1040807, 986912, 6534178, 6533889]"
548,"[849202, 995242, 824073, 923746, 6534178]"
550,"[1082185, 1127831, 5585510, 6534178, 6533889]"
551,[12810391  1129085 12263692  1081621  1070702]
553,[1087102 1138443 1040807 1043751  845307]
554,[1082185 1105488 1046262 1033142  961554]
557,[1102949 1096317 1082185 1127831 6034857]
558,[1134678 1107420 1044078 1055503  828106]
560,"[6534178, 1082185, 1043301, 6533889, 6534166]"
561,[1082185 6034857 1101706 1037863 1051516]
562,[1110843 1091365 1118046 1095393 1042907]
564,[1129049  885023 1058997  840361 1020208]
567,"[9926758, 1138443, 1077143, 1139830, 6534178]"
568,[7152455 7441558 1110843 1103691 1107289]
569,[ 957951 1062128 1083118 1029743  933354]
570,[1042697 1094781 1077143 1135566  874972]
573,[9673970 1049788 5978648  843338 9704731]
574,"[6534178, 5978656, 6533889, 1082185, 6534166]"
575,"[6534178, 1110843, 1005186, 862349, 6533889]"
577,[1139830 1077143  890610 1082185 1127831]
578,[8019977 8273833 1099089 1127470 6514160]
579,[ 879755  995242 1001680 1016800  843756]
580,"[1118946, 1056509, 1065538, 6534178, 6533889]"
581,"[938849, 826272, 6534178, 6533889, 1082185]"
582,"[1112238, 1082185, 1119051, 1081177, 6534178]"
583,[10250293  1013928   863762   935317  1042544]
585,[1108429 1110843 1005186 1036501  878715]
586,"[6534178, 6533765, 1099089, 906335, 6533889]"
587,[908181 863449 911470 994928 983078]
588,"[6534178, 14025500, 8118676, 12696183, 6533889]"
590,"[7441391, 1139216, 1132280, 6534178, 6533889]"
591,"[1100658, 933067, 887474, 6534178, 6533889]"
592,[5575888 1082185 1127831 5585510 1037863]
593,[1082185 1094833 1074333 1055646  921288]
594,[1109206  872342 1005991 1132911 5978656]
595,[ 1113111 12349795  1072685  1044078  1050851]
596,[9416729 9333734 5588161  995311  836445]
597,[1099089 1127470 1025611  908504  839419]
598,[6534178 6533765 1082185  981760 1105917]
599,[1082185 1127179 9242918 1055504 1046262]
600,[6534178 6534166 6533889 6533765 5978656]
601,[1090317 1043095  854405  839419  848561]
602,[1082185 1055646  961554  944139 1029688]
603,[5978656  890610  882109 6534178  836445]
604,"[1104604, 834129, 914577, 6534178, 6533889]"
605,"[6534178, 7152889, 7441558, 1136988, 6533889]"
606,[1079987 1082185 1105488 1051516 1037863]
608,[10250293  9487723  7407023  7160763 10356441]
609,"[1091365, 1110843, 1005186, 6534178, 6533889]"
610,[1132770  883404  892008 1123014  844165]
611,"[6534166, 1131438, 839419, 846823, 6534178]"
612,"[6534178, 1099089, 1082454, 850102, 6533889]"
614,"[957741, 947201, 859426, 840361, 6534178]"
615,[1137688 1116821 1117514 1082185 1127831]
617,[5592888  837569 1116821 1082185 1137688]
618,"[6534178, 6533765, 6533889, 1082185, 6534166]"
621,[7025202 1097635 1087102 1101010 1132771]
622,[1029688 1065538  878715 1034176  883404]
623,[1014732  826249 1098066  999971 1029743]
624,"[6534178, 6533765, 1134678, 1128240, 6533889]"
625,"[951590, 995242, 844165, 1030819, 6534178]"
627,[8203753 8203757 9245312  866227 5978656]
628,[9419769 1101173 1129049 5569230 1029743]
630,"[6534178, 5747420, 397896, 6533889, 1082185]"
631,"[6534178, 5566398, 6533889, 1082185, 6534166]"
632,[1070702 1051323 1059473  916122  874972]
633,"[6534178, 6533765, 1097363, 6533889, 1082185]"
635,[1005186  821695 6533889 6534166 5978656]
636,[6534178 1113438 1082185 1051516  912681]
637,[9337369 7147145 9858947 1135681 1101885]
638,"[6534178, 1075032, 1012587, 854405, 6533889]"
640,[ 849202 1118623 1034176 1029688 1106523]
641,[13189726  1040807  1056492   885863   879876]
643,[1082185 1105488 8290421 1055646 1037863]
644,[13212980 10285144  1088634   969494   948670]
647,"[8090440, 8205218, 1095275, 5568228, 6534178]"
648,"[1119051, 1082185, 1102949, 6034857, 6534178]"
650,[1005186 6533889 6534166 5978656 6544236]
652,[15629778  1102416  1075368  1055863   866227]
653,[6534178 1082185  854852  979707  860776]
654,[1082185 1055646 1046262 1007195 1033220]
655,[1044078 1041031  916122 1000753  863447]
656,[6534178 5569230 1082627  926905  966684]
658,[ 1098927 12301109  1070702  1044078  1059473]
659,[1132911  904236  986727  929668 1076875]
660,[9524291 9245108 1125199 1042544 1048445]
661,[12781505  1124729  1118393  1051069  1055863]
662,[9707528 9673970 8020001  866227  897808]
663,[1109206 1102139 1077143  873023  866227]
664,[1133018  833715  911215  909894 1059308]
665,[993638 986912 935317 819978 922561]
666,[1133018 1089066  883404 9526563  857849]
667,"[1082185, 1081177, 1041259, 922127, 6534178]"
668,[1005186 6034857 1082185 1081177 1052912]
669,[1043751 1018740  921504  845307  971922]
670,"[6534178, 870780, 1029743, 899115, 6533889]"
671,"[6534178, 847434, 1128016, 1137346, 6533889]"
672,[10204822 10285141  7167857  1118393  1080414]
673,[1005186  905164 6533889 6534166 5978656]
674,[1099089  871061  836445 1025611  936914]
675,[6534178 6533765 9333734 1118046 1075032]
676,"[9677200, 6633167, 12456256, 1102959, 6534178]"
677,[ 8203351 13506119  1116821  1116207  1127831]
679,[10250293 12778577 10204393  9677881  8293732]
680,[1107289 1131438 1062966  940726  823704]
681,[ 850102 1134483  948420  890695 1022428]
684,[1003054 6534178 1133018  849843  918733]
685,"[1097398, 6534178, 6533889, 1082185, 6534166]"
686,[1132770  943320  997506  989101 1011645]
687,[ 1110031  6514160  1021164  1130375 12811532]
690,[ 6534178 14050357 10204822  1115874  1118393]
692,[6534178 1084591 1115874 8203834 8203606]
693,[ 849202 1065538  901067 1044188  962229]
694,[9337369 7407023 9194207 1107032 1037840]
695,"[6534178, 6533765, 6533889, 1082185, 6534166]"
696,"[6534178, 7409698, 7126663, 961889, 6533889]"
697,[1082185 1101706 1112238 6633210 1116821]
698,[1082185 1081177 1026118  820341  908846]
699,[  823990   848029  1031522   848270 12263692]
700,[8291322 9546982 8205218 1045220  909249]
701,[8065410 1103691  887474  883819  889509]
702,"[6534178, 12731432, 9835223, 1134678, 6533889]"
703,"[6534178, 6533889, 1082185, 6534166, 6533765]"
705,[ 7431990 13095243  7407023  8205731  8205218]
706,[6534178  860248 1076842 1065538  959737]
707,"[6534178, 6534166, 6533889, 1082185, 6533765]"
708,[ 1082185  1117514  1102949 12731436  1041259]
709,[8116306 7152889 6773053 9879410 1124729]
710,[6534178 1111839 1110572  874736  833723]
711,[8293732 1080414 1071377 1055382 1037840]
712,[5978656 5978648 8090440 9524291 1082185]
713,[  845675 10344585  5569230  5569471  1029504]
714,[1131438 1130858  995896  882308  823704]
715,[1093413 1087102  961979  986912 8090440]
716,[1082185 1098248 1102949 1127831 1117514]
717,[6534178 6533765 1404121 1087102  974156]
718,[6534166 6533889 1082185 1112238 1116821]
719,[6514085 1040807 1043751  933835  819978]
720,[ 1098844 12518330  1098248  5563693  1082185]
721,[1058997 1107553 6551861  968774 1011300]
722,[6533889 1133018  972569 1003441  997506]
723,[1043920  968936  960484 1027569 1022956]
724,[1005186 6534166  938187 1014948 6533889]
725,[1062966 1038217  883404 1098066  826249]
726,[1009449  826144 1082185 1127831 1101706]
727,[1119761 1038663 1051323 1000753  944534]
728,[6534178 1138443 1087102  986912  861445]
729,[1005186 6533889 6534166 5978656 6544236]
730,"[1058997, 909894, 1023958, 1126899, 6534178]"
731,[1082185 6034857 1081177  979707  847982]
732,[6534178 8249371  904129  843744 1037451]
733,[7157395 7126663 1102250 5995423  960370]
734,[6534166 6533889  825135 9673380 9673969]
735,[5586797  866227  890610 5978656 1041177]
736,[1082185 1116821 1055646 1041259  904360]
737,[ 5978648  1092363 12810391  1058997 12262778]
740,[1116821 1137688 1127831 1082185 6034857]
741,[6534178 1081621  916122  848029  857215]
742,[1082185 1081177  904360  870980  879755]
743,[1053763  989075 1118598  900491 1050131]
744,"[6534178, 1404121, 1087102, 1129085, 6533889]"
745,"[13842088, 1105467, 861272, 8203451, 6534178]"
747,[8205218 5569397 1107289 1062966  854405]
750,[  866227 12457047  6034221  1128665 12696183]
751,[1115069 1129049  879755 1056746 1070015]
752,[8090440 1138443 1132771  986912  933835]
753,"[1082185, 1119051, 1112238, 1051516, 6534178]"
754,[1082185 9242918 1098248 7024990 1127179]
755,"[6534178, 1091365, 6533889, 1082185, 6534166]"
756,[ 995242 1090931  883404  826249 1098066]
757,[1082185 1137688 1081177  995785  930603]
758,[1005186 6533889 6534166 5978656 6544236]
759,"[1082185, 1119405, 9547021, 1127831, 6534178]"
761,[6534178 9527187 1103691 1070723  910032]
762,"[9926758, 1091365, 1110843, 1110409, 6534178]"
764,"[6534178, 882305, 995242, 6533889, 1082185]"
765,[12810393  1050851   985999   999858   916122]
766,[1082185 1127831 1137688 1129085 1097849]
767,[ 905582  862349  945273 1053690 1076875]
768,"[6534178, 1092264, 949294, 866227, 6533889]"
769,[6391119  900175  882305 6534178  989101]
770,[6534178  910032 1131438  861445 9836903]
771,[8160319 9575181 1104224 1098067 1128828]
772,"[1870702, 1082185, 1127831, 1081177, 6534178]"
773,[1082185 6548453 5585510 1127831 1081177]
774,[ 839419 1012587  904129  871061  854405]
776,[ 926737  397896  916122 1029743 8205218]
777,[12811532  6602697  1128240 12731544 12946257]
779,"[959737, 1102959, 1057260, 821083, 6534178]"
780,[5568228 1092264  849809  821695  948811]
781,[871061 854405 836445 910673 936914]
782,[1137346 1090931 8090537 8090521 1033615]
784,"[6534178, 8160319, 1102250, 1080414, 6533889]"
785,"[6534178, 995311, 871061, 921836, 6533889]"
786,[10118257   986912   999270   993638   972665]
787,"[1104224, 1098067, 1079528, 6534178, 6533889]"
788,"[6534178, 6533889, 1082185, 6534166, 6533765]"
789,"[1101010, 1043751, 883003, 922561, 6534178]"
790,[1070015 1035676  863436 1040700  976955]
792,[6534178 6533765 1404121 1005186  866227]
793,[6534178 1082185 1043301 1007195  930118]
794,[ 950638  867420 8090532 1134483 1133745]
795,[1113438 1043751  907143  910032 1028995]
796,[ 862349  908531  923746 1058997  960984]
797,[1062128 1029688 1029743  951590 1109376]
798,[1091365 1110843 1108429  830582 1007136]
799,[6534178 1082185 1096317 1127831 6034857]
800,[ 8160319  9858810  9337581 12731808  1084587]
801,[10285141 10456655 10285144  9245312  1118393]
802,[ 908531 1065538 1118946  861272 1004436]
803,"[1082185, 7169034, 938566, 6534178, 6533889]"
804,[ 9858748  9858810  7126663 10456655  1080414]
805,"[6534178, 6533889, 1082185, 6534166, 6533765]"
806,[9546982 5588161  959830  948832  997272]
807,"[6534178, 5703832, 1082185, 6034857, 6533889]"
808,[1082185 1112238 1081177 1055646 1039682]
809,[1115874 1091365 1063207 1005186  926422]
811,[1082185  908846  847982  865178 1023720]
812,[ 879755  885290 1059902  961458  844165]
813,[1082185 9363315 5569615 1137688 1116821]
814,[ 854405 1016314  839419  825365  895295]
816,[1082185 1127831 6548453  820165  901062]
817,"[1070820, 981760, 1075214, 871433, 6534178]"
818,[6602729 1097849  844179  985999  897954]
820,[1124729 1122268 1092948 7441391 5568509]
822,[1090317  906335  854405  839419  995896]
823,[1055646 6034857 1007195  834484  995785]
824,[9469110 9362429 8065410 1131438  987464]
825,"[6533889, 8090440, 1049788, 1107839, 6534178]"
826,[1080414 1030093  982469 1013928  970792]
829,[ 9194207 13671759 10204822  9337684 10204488]
831,[1092948 1075007 1052294  937210  948670]
832,[1134483 5569230 1108094 5995129  834826]
836,[1091365 1005186  882305  980823 5978648]
838,[1112238 7432861  825994 1006184 1065538]
839,[1082185 5569615 1081177 1033142  995785]
840,[9487885 1012587 1013167  904129  887474]
841,[ 6773053 12696183  1135681  1080414  1051069]
842,"[6534178, 6533889, 6533765, 9245108, 1082185]"
843,[1072523 1044078  844179  880150  999971]
844,"[7441391, 9526884, 1118393, 1124729, 6534178]"
845,[1058997  861272 1059308  829291  838258]
846,[5575888 1082185 1112238 6602440 1046262]
847,[1106301  825343  946839  847790 1082185]
849,"[1125278, 1067820, 961979, 826144, 6534178]"
850,[7142556 1128900  995242  871162  878445]
851,[1104604  861445  986912 1005186 6533889]
852,[1082185 1101956 1127831 1098248 1137688]
853,"[6534178, 6602729, 1082185, 6533889, 6534166]"
854,[1123842 1046827 1020682  949965 1027168]
855,[1083446 1083813 1113438 1049788 1005186]
856,[10204822 13671759  1131351   964356   987480]
857,[13040176  1104604  1093030   936355   922561]
858,[1070820  849202  873627  910473 9677366]
859,"[1106390, 1075368, 6534178, 6533889, 1082185]"
860,[1082185 1127831 1028944  866211  904360]
861,[1072523 1098927 1116682 1119761 1068292]
862,[ 953476 1058930  987562  985119 1103629]
863,"[6534178, 6533765, 1110843, 6533889, 1082185]"
864,"[1101010, 6534178, 6533889, 1082185, 6534166]"
865,"[6534178, 9337369, 9337581, 9337684, 6533889]"
866,"[6534178, 6533765, 8065410, 1106523, 6533889]"
867,"[6534178, 1092118, 1075368, 6533889, 1082185]"
868,"[6534178, 8090440, 1138443, 6533889, 1082185]"
869,[1132280  981086  936355  820122  983000]
871,"[6534178, 1082185, 1105488, 1127831, 6533889]"
873,"[6534178, 1033615, 985119, 834833, 6533889]"
875,"[1082185, 1127831, 1081177, 6534178, 6533889]"
876,[6534178 1132280 1073902 1083813 1118235]
877,[1082185 1127831 7024990 1101956 1126375]
878,"[1107502, 947798, 6534178, 6533889, 1082185]"
879,[ 1054123 12781924  9526884  7441391   904997]
880,[1005186 6533889 6534166 5978656 6544236]
881,[9546982 1012587  825538  904129  887474]
882,[1137775 1132771 1043751  933835  885863]
883,"[6534166, 6533889, 8090440, 6534178, 1082185]"
884,[5593053  866227  974156 1085604 5568509]
885,[9707240 9189814 1087102 1099089 5591520]
886,"[6534178, 9836903, 1107289, 1132280, 6533889]"
887,[1108429 1110843 1005186  904997  866227]
888,[12781831 12731632  7431990  9802666  1121527]
889,"[6534178, 6533889, 1082185, 6534166, 6533765]"
891,[8090440 8065410 6979248 1099089 1093571]
893,[12781505  7167857  7441391  5568509  1118393]
894,[ 921406  853354  866540 9419769 1051516]
895,"[6534166, 6533889, 1082185, 6534178, 6533765]"
896,[ 6534178 13842088  1101010  1138443  1040807]
897,[1082185 1045150 1006184  995785  820165]
898,"[6534166, 6533889, 6534178, 1082185, 6533765]"
899,[1007136 1005186 1058258 6533889 6534166]
900,"[6534178, 6533765, 1132771, 986912, 6533889]"
901,[ 1113111 12731543  9245106  9835223 12302069]
903,[1126899 1058997  944018 1048257 1054432]
904,[8091550 1095700  844462  836445  905539]
905,"[6534166, 6544236, 6533889, 1133378, 6534178]"
906,"[6533889, 12484608, 6979248, 6534178, 1082185]"
907,[1077143 1014948  890610 1082185 1112333]
908,[1082185 1119051 1127831 1116821 1137688]
909,"[6534178, 6533765, 899019, 6533889, 1082185]"
910,"[8119103, 5582712, 1082185, 1081177, 6534178]"
911,[1082185 5563693 1137688 1135258 1111035]
913,[8019977  899019  887474  877358  999581]
914,[13775029 12457047 12456375  7025496  1092948]
915,"[5568228, 1009449, 904422, 853354, 6534178]"
916,"[6534178, 1404121, 480014, 1038663, 6533889]"
919,[8205218 1062966 1020682  874255  905539]
920,"[6534178, 7152455, 8118676, 6533889, 1082185]"
922,"[6534178, 870428, 1082185, 1119051, 6533889]"
923,"[6534178, 6533765, 1042544, 883819, 6533889]"
924,[8205252 8069336 1107522 1062966  964968]
925,"[876548, 866227, 1082185, 6034857, 6534178]"
926,"[6534178, 6533765, 1138443, 6533889, 1082185]"
927,[ 926422  830582 1048507  874855 1066095]
928,[1007136 1005186  973916  904997  866227]
929,"[6534178, 10285106, 1080414, 6533889, 1082185]"
931,[6534178 6533765 5978648  951424  883819]
932,[1082185 1127831 6034857 5575888 1055646]
933,[8090521 1053763  900491 1050131 1106523]
934,"[6534178, 6533765, 1135258, 6533889, 1082185]"
935,"[6534178, 1082185, 1127831, 6533889, 6534166]"
936,"[1108429, 961979, 861445, 995151, 6534178]"
937,[1127831 6034857 1055646  904360  961554]
938,[ 844697  908314 6534178 1065538  854405]
939,"[10250293, 1118393, 1102416, 6534178, 6533889]"
940,[ 882441 5591038 6773238  870980 9420312]
941,[6534178 9677407 9707528  919766  861272]
942,[ 1128665 13842214  1129822  1015539  1014388]
943,[1133018 5592931 1053690  999971  826249]
944,"[6534178, 1101010, 1132771, 5569615, 6533889]"
945,[874972 857215 848029 998239 968072]
946,[1093413 1132771  986912 1133018  909894]
947,"[866227, 866540, 1101010, 1134296, 6534178]"
949,[6534178 1082185 1127831 6034857 7169034]
951,[1056651  981760 5569230  962229 1102959]
952,[5586658 5584100  862349  951590  849202]
953,[1119051 1082185 6034857  995785 1023720]
954,[1005186 6533889 6534166 5978656 6544236]
955,"[6534178, 6533765, 6533889, 1082185, 6534166]"
956,"[6534166, 1087755, 6534178, 6533889, 1082185]"
957,"[10204488, 6534178, 6533889, 1082185, 6534166]"
959,[ 1082185 13654702  7024990  5578547  1098248]
960,[ 833556  944018  886395 1053016  870780]
961,[12811966 13987010 10342031 12757653   986394]
962,[6034857 7024990 1119051 9705473 6602440]
964,[1042544  871061  904129  854405  887474]
965,[1132911  948384 5978648  852015  844179]
966,[1005186 6533889 6534166 5978656 6544236]
968,[1110409  845307  861445  878715 1108094]
970,[1103808  940947  957741 1082185 1127831]
971,[1092118 1075368  849469  933835  819978]
972,[6534178 5703832 6533765 1404121  397896]
973,"[6534178, 9837365, 5570685, 938849, 6533889]"
974,[ 948384  911409  917384 1000753 5995129]
975,"[6533889, 1082185, 1119051, 1098248, 6534178]"
976,[14106445  8203834  8119004  1110843  1046957]
977,[ 862349 1118623  826249 1098066  995242]
978,[13987010 10342031 10351537  7410087  1111129]
979,"[6534178, 1077143, 13073225, 6533889, 1082185]"
980,[1127758 1012587 1002787  973916 1027168]
981,[8119318 1092937 1096727 1075032 1127825]
982,"[6534178, 6533889, 1082185, 6534166, 6533765]"
983,"[1095275, 1082185, 1137688, 1041259, 6534178]"
984,[ 866227 1082185 1076056  886991 7147472]
985,[ 854405  985160 1079987 1051323  999858]
986,[8090440 1113438 1124029 1125278  922636]
987,[1034176  849202 1029688 1085604 1070820]
988,"[6534178, 854405, 844462, 1012587, 6533889]"
989,[12812261 12810391  1107420 12810393  1130029]
992,"[6534178, 6533765, 6533889, 1082185, 6534166]"
993,[5978648 5978656 1110843 1005186 1101010]
994,[ 9835223  1128240 12731714  1070702  1044078]
996,"[13842088, 1105467, 1008737, 948670, 6534178]"
998,[6534178 6533765 1044078 1070702 1071845]
999,[1082185  965267 1036325  849843 1029743]
1000,"[1110843, 1005186, 6534178, 6533889, 1082185]"
1001,[1118393 8090440 1120954 1001148 1083578]
1002,[1082185 1127831 1098248 1117514 1081177]
1004,"[995242, 1118623, 1018818, 964521, 6534178]"
1005,[8205218 1127470 1042907  820122  874255]
1006,[1005186  911409  827999 6533889 6534166]
1007,[1077143  872342  866540 5978656 5978648]
1008,"[6534178, 5747420, 6533765, 1404121, 6533889]"
1010,"[6534178, 1082185, 1127831, 6533889, 6534166]"
1011,[1137688 6602440 5585510 1068562 1041259]
1014,[1082185 1127831 6034857 1045228 1057350]
1015,[10250293  5567950  1027569   942565   948953]
1016,[6602729  916122  897954  913144  941172]
1017,[1082185 1127831 1041259 1052912  866211]
1018,[ 1106301  9836106 12262739 12301073  1051323]
1019,[1082185 1081177 1041259 1055646  819840]
1020,[6534178 1075007  948670 1027569  852856]
1021,[ 974156  839419  935546 1080414  954966]
1023,"[6533889, 6534178, 1082185, 6534166, 6533765]"
1024,[1080414 1008288 1031316 1131438 1103691]
1025,[12810389 12810393 12301338 12302069  9836106]
1027,[ 862799 8090532  981760  849843  821083]
1029,"[6534178, 6533889, 1082185, 6534166, 6533765]"
1030,[12484608  6534166  6533889  1107839  1101010]
1032,[ 995242  981760 1029743  883404  826249]
1033,[1061339 1110843 1048507  904997 1127758]
1034,[5978648  844697 1042697  866227 1049788]
1036,"[6633273, 836445, 854405, 936914, 6534178]"
1037,[ 915679  862349 1053690 9487414  868971]
1039,[8119103 8119004 8119318  905645  972665]
1040,"[10204392, 1115874, 5981072, 1075368, 6534178]"
1041,"[1115098, 1127470, 1042544, 1005186, 6534178]"
1042,"[6534178, 1404121, 1087102, 1138443, 6533889]"
1045,[1101010 1043751  935317  971922  922561]
1046,"[1082185, 6034857, 1105488, 9705473, 6534178]"
1047,[10285106 10285141  1118393  1124729  1122268]
1048,[ 6534178 10285141 13671759  9337581 10204822]
1049,[1005186 1108429 1110843 1091365  890610]
1050,"[6534178, 12262778, 6533889, 1082185, 6534166]"
1051,[1117393 1005186 6533889 6534166 5978656]
1053,[8090440 1138443 1107839 1137775 1124971]
1054,[6979415  891901 1048563  916381  971325]
1055,"[1082185, 9836460, 1051516, 834484, 6534178]"
1056,[1048507 1049788 1038663  836445 1012587]
1057,[ 9189814 13842214  1087755  1079528  1084591]
1058,[ 937626 1082310  985893 1129049  985119]
1060,[ 827656  990244  933835 5566309  833598]
1061,"[6534178, 12946027, 8065410, 13072850, 6533889]"
1062,[5568228 1132911 1014948  890610 1127624]
1064,[9469110 9836903 1138443 1131438  854405]
1065,[12263692  1106301 12812261 13003092 12810393]
1066,[1082185 1102949 1119051 1041259 1037863]
1067,"[1132771, 974156, 845307, 885863, 6534178]"
1068,[6534166 1103808 1043095  836445 1025611]
1069,[ 9835223 12301109 12263692 12349795 12301100]
1070,[6534178 1082185 1096317 1112238 6602440]
1071,[1082185 1081177 1033220  904360  920308]
1072,[1005186 1108429 1134454  866227 6533765]
1073,[1082185 1119051 1116821 7024990 1059527]
1074,"[1025611, 940947, 1015597, 836445, 6534178]"
1075,"[10149640, 1070015, 1108131, 6534178, 6533889]"
1076,[12262735 12262978 13007721   968072   998239]
1077,[6534178 6533765 1404121 1085357  937292]
1078,[6534178 1082185 1098844 1096317 1117514]
1079,[1084036 1113111 1070702 1066608 1068292]
1080,[9836903 1062966 1020682 1002459 1001148]
1081,[1099089 1020682  972665  871061  865528]
1082,"[6534178, 917277, 6533889, 1082185, 6534166]"
1083,[1082185 1116821 1081177 1068562 1055646]
1084,"[967395, 953476, 6534178, 6533889, 1082185]"
1085,"[6534178, 954077, 882109, 13007264, 6533889]"
1086,[1138443 1093030 1106073 1065167  866755]
1088,[1102185 1100658 1118281 1075793 1062966]
1089,[ 6534178 13506200 12262778 12301073  7135183]
1091,[6534178  480014 1075368  974156  928584]
1092,[1098025  862139 1111230  856772  962229]
1093,[ 844165 9527159  929668  823758 1029743]
1094,[1138443 1087102 6514030 1046957  933835]
1095,[1005186 6533889 6534166 5978656 6544236]
1096,[1125278  999250  942556 1082185 1117514]
1097,"[6534166, 6533889, 6534178, 8090440, 1082185]"
1098,"[6534178, 864893, 871162, 6533889, 1082185]"
1099,[8090521 5569471 8090532  826666 1102959]
1100,[1005186 6533889 6534166 5978656 6544236]
1101,[1005186 6533889 6534166 5978656 6544236]
1102,[1086483 9835223 1128240 1070702  857215]
1103,"[6534178, 6602697, 946995, 1126899, 6533889]"
1104,[7025203 5588161 1069863  948832  850614]
1105,[1082185 1127831 1081177 1041259  995785]
1106,[5585510 1082185 1127831 1081177 1046545]
1107,"[13842088, 968936, 1082185, 1105488, 6534178]"
1109,[13506935  9655715  9575181 10204333  7441391]
1110,[ 8160319  8019977 13072793  1775642  1131438]
1111,"[1107289, 1062966, 969419, 6534178, 6533889]"
1112,[9575181 1075368 1074933  936511 1076056]
1113,[1082185 1116821 1127831 1119051 1102949]
1114,[1100658 1130858 1060673  870428  910032]
1116,[1062966 1012587  910032  962185 1106301]
1117,"[866548, 1106523, 5569230, 890695, 6534178]"
1119,"[1082185, 9705473, 1098248, 6534178, 6533889]"
1121,[1127328 1077143  983267 1082185  862349]
1123,[6514085  986912  974156 1082185 1105488]
1125,[1124729 1092118 1128665 5995423 8160319]
1126,[1126899  826666 1082172  840361  877447]
1127,[ 1133378  1041177  5569471  5569230 12731714]
1128,[1082185 1119051 1081177 1046262 1043301]
1129,[ 866227 8020001 6534178 1021324 1037332]
1130,[ 8116306  7155012 10255158  5567322  1039156]
1131,"[13072850, 1121527, 1075368, 942088, 6534178]"
1133,[1082185 1102453 1098844 1126375 1137688]
1134,[1106523 1070820 6554544 1046562 9676866]
1135,[6534178 1103691  854405 1129819  843744]
1136,[12810391  9835223 12262778 12263692  1072685]
1137,"[9337581, 924667, 935527, 942088, 6534178]"
1138,"[7167857, 1015539, 8015407, 6534178, 6533889]"
1140,[ 1085604  1048257  7410251  1137346 12808385]
1141,[ 879755  874736 1107553  995242 1029743]
1142,"[6534178, 6534166, 6533889, 1082185, 6533765]"
1143,[1005186 6533889 6534166 5978656 6544236]
1145,[1005186 1110843 1132204 1127758 1025611]
1146,"[6534178, 1042907, 1015532, 6533889, 1082185]"
1147,"[1022428, 1137346, 1090931, 1016800, 6534178]"
1148,[6534178 6533765 1404121 1005186 1092264]
1149,[7431990 7441844 1135681 1080414  982469]
1151,[ 6534166 12811966  1111118  1086431  1122790]
1152,[6534178 5703832 1092264 1009449  866227]
1154,[1082185 1081177 1046262 1003600 1053690]
1155,[1082185  891141  866871  878996  995785]
1156,[8290421 6034857 1082185 1055504  847270]
1157,[ 959737  951590  855138 1077703  956400]
1158,[6534178 1107289 1099089 1073150 1049735]
1159,[1082185 1119051 1116207 5585510 1068562]
1160,"[8205218, 1095700, 1062966, 1025611, 6534178]"
1163,[6534178 1092750  997272 1012587  904129]
1164,"[9526884, 7431990, 1087755, 1069714, 6534178]"
1165,[ 879734 1048462 1065593 1004436 1133556]
1166,"[6534178, 9546982, 5747420, 6533889, 1082185]"
1167,"[6534178, 8019977, 9707240, 887474, 6533889]"
1168,"[8091192, 1105728, 1055044, 982469, 6534178]"
1169,"[12946027, 1042907, 1025611, 1012587, 6534178]"
1170,[1005186  866227 6533889 6534166 5978656]
1172,[15630122 12781831  7441391  1102416  1075368]
1173,[6533889 6534166 5978656 6544236 6534178]
1174,[6464086 1012587  982790  896862  883963]
1175,[6534166 6533889 1082185 1116207 1137688]
1177,[ 1044078  1070702  9835451 12731466 12810391]
1178,[ 874972 1070702  863447  847573  970747]
1179,"[6534178, 6533889, 1082185, 6534166, 6533765]"
1180,"[6534178, 6533765, 13910296, 6533889, 1082185]"
1181,[1042544  854405  871061 1119761 1038663]
1182,[1082185 1057513 1037863  995785 1004906]
1185,"[12731544, 847790, 844179, 934639, 6534178]"
1186,"[1082185, 1098844, 1105488, 6534178, 6533889]"
1187,[8116306 8118676 7152889 7155012 1099089]
1188,"[1005186, 1082185, 1052912, 1033142, 6534178]"
1189,[1082185 1055646 1062002 1037863 1007195]
1190,[13095243  8160319  7441391  7431990 12696183]
1191,[12301109  1070702   874972   847573   916122]
1192,[5978656 5978648 5668996  849843 1133018]
1193,[1082185 5569615 1001148 1002787 1026118]
1194,[ 849202  995242  857849  904774 1065593]
1195,[ 7126663 13095461  1103556  5995423  1075368]
1196,[1082185 1127831 1112238 1105488 6034964]
1197,"[6534178, 6533889, 1082185, 6534166, 6533765]"
1198,[ 915064 1058997  819845 1105623 5587938]
1201,[12731264  1066095  5978656   866227  6533889]
1202,[1005186 1127328 6533889 6534166 5978656]
1203,"[9832469, 12302069, 12731436, 12810393, 6534178]"
1204,[1110843 1005186  830582 1108429 1109206]
1205,[9802540 9802666 5571178 1135959 1136988]
1206,[12810391  9245106  9836106 12302069  1135258]
1207,[ 953476 5569374 1065593  976998  967395]
1208,[10198378  1015247  1034176  1038217  1134522]
1209,[1005186 1093571 6533889 6534166 5978656]
1211,"[6534166, 1021164, 8065410, 9333734, 6534178]"
1213,[1005186 5978656 1053460 6533889 6534166]
1215,[1127179 1127831 1082185 1075707 1081177]
1216,[  883404   862349   995242  5569230 10344585]
1217,"[6534178, 9858947, 1122277, 1075368, 6533889]"
1218,[5978656 5978648 1103556 1082185 1127831]
1219,[10356441  7409824  7126663  1129819  1055863]
1221,[1082185 1117514 1098844 1116821 5585510]
1222,[9337581 8293732 1096643 1124729 1080414]
1223,"[5569230, 8090521, 1021324, 1137346, 6534178]"
1224,[ 1118046  1062966  1025611   905539 12262978]
1225,[9836106  999779  878715 1065593 1092026]
1226,"[1082185, 1127831, 1081177, 1041259, 6534178]"
1227,[12810391 12262778  1044078  1070702  1038663]
1228,"[6534178, 6533889, 1082185, 6534166, 6533765]"
1229,"[6534178, 6533889, 1082185, 6534166, 6533765]"
1231,[1082185 1127831 1098248 1112333 1117514]
1234,[8205252 1083813 1123842 1062966  936355]
1235,[ 893501 1076056 1053690  836793  863324]
1236,"[1128665, 1080414, 1037840, 6534178, 6533889]"
1238,[1132911  890610  821695 1082185 1119051]
1239,[10118257  1042544   940947   904129   944142]
1240,"[6534178, 6533889, 1082185, 6534166, 6533765]"
1241,[10250293  7441391  7441558  7441844  7147145]
1242,[5978656 1077143  904236 6533889 6534166]
1244,[6513815 6443332 6533889 6534166 1099089]
1245,"[6534178, 6533765, 1055646, 6533889, 1082185]"
1246,[6534178 7407023 1114050 5568509  992300]
1247,[1087102  933835 1040807  971922  921504]
1248,[1042544  982743 1012587  888054  910673]
1250,[1005186  926422 1134152 6533889 6534166]
1251,[901067 976998 995242 951526 824555]
1252,[1082185 1116821 1117514 1105488 1052912]
1254,[1005186 1095275 6533889 6534166 5978656]
1255,[5978648 6533889 6534166 5978656 6544236]
1256,[8090440 1091365 1110843 1005186 1007136]
1258,"[6534178, 7409824, 1128665, 1039156, 6533889]"
1259,"[1082185, 1127831, 904360, 1023720, 6534178]"
1260,[1095275 6533889 1137775 1110409 1132771]
1261,"[6534178, 8091192, 1129822, 1075007, 6533889]"
1263,[6534178 7432861  866211  878996  854852]
1264,[1107553 1029743 1031864 1076056 1065538]
1265,[1082185 1127831 1081177 1067606  987838]
1266,[ 831536 1083328 1133018 7167249 9526886]
1267,"[9189814, 13842090, 7431989, 12456375, 6534178]"
1268,[13212980 13842088  1082990  1092948  1105467]
1269,"[1118393, 5568509, 970792, 6534178, 6533889]"
1270,[ 1135258 12262830 13003092  9832469  9835451]
1271,[12262830 12984576  1070702   956599   938138]
1272,[1120954 5592348 1039156  948670  974766]
1273,[ 841236 1111839 1088835  849843  838186]
1274,[ 1092750  9704174  9704731  9673970 10341234]
1276,[1082185 1102949 7024990 1117514 1116821]
1277,[10356061  6772791 13072850  9575181  7157395]
1278,[1108094  860248  962229 1106523 1098066]
1279,"[1134678, 898980, 907014, 951590, 6534178]"
1280,[  873527 10254584   950824   846907   951746]
1281,"[6534178, 6533765, 1404121, 6533889, 1082185]"
1282,[1127758 1062966 1043766 1092878 1086483]
1284,[8205218 9362429 9337581 9677934 1095700]
1285,"[1089568, 1087102, 1042544, 947201, 6534178]"
1287,[ 1130375  1109014 12731543   848029   823990]
1288,[12731701   985999   823990   916122   897954]
1289,[1124729 1118393 1122268 1128665 9837544]
1290,[1082185 1081177  995785  979707 1007195]
1291,"[1130858, 823704, 1082185, 1081177, 6534178]"
1292,[1112333 1082185 1105488 1127831 1075505]
1293,"[8205218, 1062966, 1001148, 959409, 6534178]"
1294,[12810389 12262830 12301839  9835509   916122]
1295,[9802540 1083740 1096791 1122405 1067378]
1296,[ 8160319  7441391 12456256 12731484 12731808]
1297,"[6534178, 861272, 901452, 6533889, 1082185]"
1298,[1119051 1082185 1127831 1068562 1055646]
1299,"[6534178, 1082185, 6034857, 6533889, 6534166]"
1300,"[6534178, 1082185, 1081177, 6533889, 6534166]"
1302,[ 851569 1058997  995242 1076875 1127716]
1303,"[6534178, 1091365, 1134454, 6533889, 1082185]"
1304,"[1118623, 959737, 860248, 994928, 6534178]"
1305,[ 7152889 12778577  8116306  7147145 10285144]
1306,[1138443 1051323  844179  985999  831407]
1307,[ 1082185  1127831  5578547 13654702  7169034]
1312,[1021164 5978648 6534178 1082185 1137346]
1313,[7160764 1106390 1039566  923972  992300]
1314,"[6534178, 6533889, 1082185, 6534166, 6533765]"
1316,"[1083446, 1099089, 982790, 1065122, 6534178]"
1317,"[1108429, 1110843, 5568489, 6534178, 6533889]"
1318,"[8091192, 5978648, 5978656, 1118393, 6534178]"
1319,[1072685 1051323 1050851  916122  857215]
1320,"[1017075, 1025719, 964327, 899580, 6534178]"
1321,[8205218 1107289 1043095 1042544 1062966]
1324,[ 1049788  1107420 12810393  9245106 12301839]
1325,[1098844 1082185 1127831 1137688 1119051]
1326,"[6534178, 6533765, 5978656, 6533889, 1082185]"
1328,[ 1132771   986912   933835 12731466  1119860]
1329,[12810391 12262978 12262778 12810464 12731685]
1330,[1131438 1040807 1070845  887474  910032]
1331,[1092264 1132911 5568228  890610  866227]
1332,"[1082185, 1116821, 9242918, 1127179, 6534178]"
1333,[14025593 10308337 14025499 10342031  1088634]
1334,[9546982 1139493 1001148  959409  865330]
1335,[ 970119  821562  862349  861272 1105623]
1336,"[1123842, 1130858, 823704, 896862, 6534178]"
1337,"[6534178, 8160319, 6533889, 1082185, 6534166]"
1338,"[6534178, 839849, 6533889, 1082185, 6534166]"
1340,[  849843   995242  1004436 13381928   874736]
1341,[ 7441391  7441558 13095132  1124729  1122268]
1342,[1005186 1130452 6533889 6534166 5978656]
1345,[9419769 1029743  895540 5569230  951590]
1346,[1005186  973802  866227 1005991 1021164]
1347,[12731808 13775029 15971546  9189814  5592888]
1350,[1131344 6464086  836445  854405 1015597]
1351,[1133018  860975 1015247 1106523  972629]
1352,[6534178 1110031  936355  899019  854405]
1353,[ 6534178  6533765 12810391  1050851  1051323]
1354,"[6534178, 1104604, 1110843, 1076881, 6533889]"
1356,[ 862349  981760  935284 1070820 5569230]
1357,[6534178 6533765  866548  862349  860975]
1358,[9524291 1043751  933835 1082185 1055646]
1360,[ 988208 1062152  971807  990981 1024731]
1361,[1107420 1044078 1018457 1035191  985999]
1362,[ 921406 1119051 1082185 1112238 1127831]
1364,[ 862349  995242 1029743  883404 1096343]
1366,"[13095134, 14106445, 5566800, 6534178, 6533889]"
1367,"[6534178, 6533889, 1082185, 6534166, 6533765]"
1368,[12301405 12262978 12262830 12810389 12349795]
1369,[8020001 1095275 1009449  866227  890610]
1370,"[1001333, 971474, 944486, 5563693, 6534178]"
1372,[1138443 1137775 1087102  845307  866755]
1373,[1098844 6034857 5585510 1082185 1127831]
1374,[1093030 1009449  986912  961979  866227]
1375,[1111035 6602697 6602729 1038663 1051323]
1376,"[6534178, 6534166, 6533889, 6533765, 1082185]"
1378,"[985999, 944836, 1082185, 6534178, 6533889]"
1379,"[6534178, 5590765, 6533889, 1082185, 6534166]"
1382,[ 914190  914240 1082627  952317 1098066]
1383,[ 8293447 10204393  6514160  5582712  1103556]
1384,[12301100 12302069  9832469  1044078   844179]
1385,[1075765 1062966 1042544 1025611 1002418]
1386,[ 906262 1132770  953476  921554 1127264]
1387,"[9524291, 1104604, 1106073, 1068504, 6534178]"
1388,"[5978656, 999971, 1076875, 6534178, 6533889]"
1389,[1082185 1098844 1069312 1037863 1127831]
1390,[ 1005186 12810391 12731432  9245106  1109014]
1391,"[6534178, 1404121, 5703832, 6533889, 1082185]"
1392,[5569471  862349  913278 1062128  981760]
1393,[5585068 1046722 1055382  948670  835986]
1394,"[1101437, 1125601, 933060, 921504, 6534178]"
1395,[ 903674  906844  831815 1119879  916578]
1397,"[1129819, 1039156, 970760, 6534178, 6533889]"
1398,[1005186  882305 1013615 6533889 6534166]
1399,[1082185 7024990 1112238 1127831 6034857]
1401,[5978656 1058997  908531  909894 1082185]
1402,[ 981760 1057260  840361  821083  849843]
1403,[5569230 5569471  951590 1053690 1065538]
1404,[5978648 1065538  826249  883404 1050851]
1405,[1107522 1069506 1042544  871563  854405]
1406,[1119993 1138443 1087102 1040807 1043751]
1407,[5586797 1014948  949294  866227  948384]
1408,[1117393 1018184 5978656 6533889 6534166]
1409,"[7167857, 1037840, 942565, 6534178, 6533889]"
1410,[1070702 1055503 1044078 1058214 1051323]
1412,[ 1107420  1055503  1071845  9245106 12262778]
1413,[1044078 1070702 1038663  916122  874972]
1414,[1005186 6533889 6534166 5978656 6544236]
1415,[1095275  866227  833025 1107553 1009368]
1417,[12810391  1124432 12731543 13506200  1044078]
1418,[ 862349 1108094  953476  974108  976998]
1419,"[1085604, 1017075, 908531, 1133018, 6534178]"
1420,[ 397896 1005186  830582 1007136 1108429]
1421,[6534178 1043751 1028995  935317 1053690]
1423,"[6534178, 958137, 878445, 1065593, 6533889]"
1424,[6534178 6533765 1082185 1127831 6034857]
1425,"[1101010, 1043751, 995151, 974156, 6534178]"
1426,"[844165, 901067, 826249, 1133018, 6534178]"
1427,"[1110843, 1007136, 1082185, 1069312, 6534178]"
1428,"[6534178, 6533765, 839419, 844462, 6533889]"
1429,[5568509 1124729 1085256  948670 1050721]
1430,"[6534178, 8119004, 6533889, 1082185, 6534166]"
1431,[12731436  1111035 12301073  9835509 12301109]
1433,[ 849202 1098066  873627  995242  981760]
1434,"[10204392, 1094371, 1118393, 1075368, 6534178]"
1437,[ 8160319  1118393  1039156   921243 12262778]
1438,[ 866227  821695  948953 1118393 1022872]
1439,[1046957 1043751  933835  819978  986912]
1440,"[1128240, 1116682, 5574409, 1135258, 6534178]"
1443,[ 906844 1111080  849843  965050  942077]
1445,[ 1135258 12262830 13003092 12301839  1082185]
1446,[13095243  9575181  8205731 12456375 13095134]
1447,[6534178 6533765 1404121 1005186 5978656]
1448,[9707240 5582712 6464086  910032  823704]
1450,[6534178 6533765 8160319 1124729 1092948]
1451,[6534178  866227 1082185 1127831 1096317]
1452,[12696183 12731808  1124729  1039156  1013928]
1453,[5978656 5978648 1091365 1117393 8090440]
1454,"[6534178, 1137775, 6533889, 1082185, 6534166]"
1457,[1103691  910673  836445  883963 1127831]
1458,[6534178 1404121 1107420 1070702 1071556]
1459,[8119004 8065410 6514160  899019  836445]
1460,[1110843  872342 5978656  835004 6534178]
1461,[6534178 6533765 1080414 1055863 1051069]
1462,"[995242, 885290, 915349, 890695, 6534178]"
1463,[ 993638  986912  933835 1005186 8090537]
1465,[ 921406  860248 9655679  945805  859075]
1466,[ 1117393   949294 10201791  1066276  1095275]
1467,"[6534178, 8160319, 7441391, 6533889, 1082185]"
1470,[6534178  878184  995242 1029743  981760]
1471,[ 913210 1038684  994868  868971  874736]
1473,[8090440  938118  961979  847803 1082185]
1474,[ 1109014 12810391 12810389 12301100  1044078]
1475,"[6534178, 6534166, 6533889, 1087102, 1082185]"
1476,"[6533889, 6534166, 420647, 882305, 6534178]"
1477,[8090440 1125278  986912  961979  940947]
1479,"[6534178, 7154535, 8160319, 6533889, 1082185]"
1481,[1082185 1053763  995242 1050131  989075]
1483,[12262778 12301100 12262830  1044078  1038663]
1484,[1082185 1102949 1119051 1127831 5569615]
1485,"[878715, 1108094, 819845, 1106523, 6534178]"
1486,[1076842  878715  860248  822677  871162]
1487,[ 8090440 12757425  1083813  5568509  1101010]
1488,"[6534178, 1055863, 979674, 926646, 6533889]"
1489,"[6534178, 6533765, 9337581, 6533889, 1082185]"
1490,[12262778 12262830 12810464 13007264 12810466]
1491,[12781924 12781831  1124729  1092118  1128665]
1492,[13095132  1092948  1124729  1039156   948670]
1493,[1097001 8090521  883404 1109376 1015247]
1494,[1082185 1102949 1135258 1081177 9836106]
1495,[ 1038745  1050851 12731544   831407   939636]
1496,[ 1101010 12810393 12301839 12302069  1044078]
1498,[1082185 1098248 1116821 9705473 1126375]
1499,[ 8203720 14106445  8203782  8203606  8203342]
1500,[  949294  6534178 12172071   857849  7410347]
1501,"[6534178, 1095275, 866227, 1082185, 6533889]"
1502,[5978656 5978648 1073877 1042697 1056836]
1503,[1005186 5978656 5978648 5568228 1128812]
1505,[1075007 1043920  918046  849202  868764]
1506,[1119761 1044078 1070702 1000753  874972]
1507,[6534178 6533765 1404121  397896 5563693]
1508,"[7443320, 916062, 1027569, 1058997, 6534178]"
1509,[6534178 1091365 1110843 1007136 1005186]
1510,"[6534178, 6533889, 1082185, 6534166, 6533765]"
1511,[1101010  933835  895930  883003 1055425]
1512,"[6534178, 1404121, 970747, 6533889, 1082185]"
1513,[ 983665 1137346 9553397 1075214  819845]
1514,[1082185 1081177 1055646 1043301  995785]
1515,[1005186  846014 1015548  827999  850442]
1517,"[1137775, 1101010, 1040807, 921504, 6534178]"
1518,[ 8203851 12302069  5578437 12262978  1070702]
1519,[12731701  1070702  1055425   916122   944534]
1520,[1102949 1082185 1127831 5591611 1007195]
1521,[5568228 1095275 1082185 1112333 1081177]
1525,[1082185 1127831 1046262 1037863  995785]
1526,[1095700 5588161 1012587 1020682  894236]
1527,"[6534178, 1130882, 1107420, 6533889, 1082185]"
1528,"[6534178, 13842088, 6533889, 1082185, 6534166]"
1529,[8118676 7152889 9858810 9858947 9858748]
1530,[1005186 6534166 1095275 1070538 6533889]
1531,[1055853 1058997  860248 1067849  840361]
1532,[5569471 8090513  914190 1075214  866488]
1533,[1082185 1098248 1127831 1081177 1041259]
1534,"[6534178, 6533889, 1082185, 6534166, 6533765]"
1535,"[8065410, 8203851, 1110843, 1042544, 6534178]"
1536,[6534178 1065538 1034176 1108094  901776]
1537,[1092948 1086431 1124729 1128665 6391137]
1539,[1007136 1005186 6533889 6534166 5978656]
1540,[10351524 10285141  8205731  1080414  1039156]
1541,"[8119004, 5978656, 5978648, 1082185, 6534178]"
1542,[ 8090521   821083 12384953   917384  1137346]
1543,[1096573 1053690  995242  837107 1037340]
1544,"[6534166, 6533889, 1042697, 1049788, 6534178]"
1545,"[1106523, 1137346, 1078346, 901067, 6534178]"
1546,"[6534178, 6533889, 1082185, 6534166, 6533765]"
1547,"[6534178, 6533765, 1128828, 6533889, 1082185]"
1548,[1070702  823990  874972 1000753 1034567]
1549,[9926758 9333734 9835903 1125278 1092264]
1550,"[1062966, 999971, 6534178, 6533889, 1082185]"
1552,[1041259 1046756  995785 1023720  968215]
1555,[ 995242  844165 1119946 6551861 1092026]
1556,"[13842088, 1096643, 1105467, 1114050, 6534178]"
1557,"[6534178, 1082185, 1102949, 1137688, 6533889]"
1558,[1110843 1005186 5569615 1082185 1137688]
1559,[12757425 12757653  8160319  7407023 13671759]
1560,[  890610  1014948 12810393  9835223 12262778]
1563,[12781924  5567950  1039156  1032967   944486]
1564,[1005186  866227 1066276 6533889 6534166]
1565,[1005186 6533889 6534166 5978656 6544236]
1566,"[6534178, 397896, 6533889, 1082185, 6534166]"
1567,"[1082185, 1102949, 1127179, 1127831, 6534178]"
1568,[1107420 1135258 1051323  874972  823990]
1569,[1082185 1105488 1116207 1119051 1081177]
1570,[1082185 1116207 1119051 1098248 6548453]
1572,[1080414 1039156 1033984  957951 1058997]
1574,[10198378   995242   896369   908531   977499]
1575,"[1082185, 1119051, 1127831, 1119405, 6534178]"
1576,[ 849843  909894 5584027 5587502  930917]
1577,"[6534178, 7147145, 7147142, 9879410, 6533889]"
1578,[ 844165  866140  900370  973861 1076875]
1579,"[6534178, 8160319, 6533889, 1082185, 6534166]"
1580,"[884897, 882441, 877193, 6534178, 6533889]"
1581,[1078717  849843 5569471 7410215 1114597]
1583,[1128812 5586797 5592437 1095275 1053282]
1584,"[6534178, 6533765, 480014, 1082185, 6533889]"
1585,"[6534178, 9655629, 9189814, 6533889, 1082185]"
1586,[ 7160763  7154535  7147145  7152455 10342031]
1587,[9705473 1135476 1046262  854852  979707]
1588,"[6534178, 6602697, 1082185, 1127831, 6533889]"
1590,[12262830  6602697  6602729 12301839  1055425]
1591,[ 6534166  6534178  6533765 14106445   397896]
1592,[6534178 1091365 1110843 1005186 1007136]
1593,[6534178  872342 5978648 1049788  882305]
1594,"[1106523, 9527159, 6463907, 879755, 6534178]"
1595,[7443069 1137775  971922  986912  993638]
1596,[1082185 1127179 1068562 1041259 1043301]
1598,[13189726  1101010   986912   871061   910032]
1599,[ 9337581 10204822  9194207  1013928   982469]
1602,[6772791 7126663 1080279  926646 1006483]
1604,[ 7441391 12731808 10456655  1087755  1051069]
1605,[1005186 1007136 1091365 1134454 5568228]
1607,"[1091365, 1110843, 5569230, 8090521, 6534178]"
1608,[ 9337369 10285141  9337684  7441391 10285106]
1609,"[6534166, 12484608, 6533889, 6534178, 1082185]"
1611,[8203834 6533889 6534166 5978656 6544236]
1612,[6534178 1082185 6034857 1127831 1116821]
1613,[9416729 1102185 1042544  871061  922636]
1614,[1005186 1211227 5568228 1009449 6391080]
1615,[1070015  995242 1035386 1053690  994928]
1617,[1005186 1127758 1043766 6534178 1025611]
1618,[6534178 1138443  971922  953561 1082185]
1619,[ 6534178  7441391 12731808  7157395  8160319]
1620,"[6534178, 5703832, 6533765, 9296977, 6533889]"
1621,"[1092026, 1132770, 1106523, 6534178, 6533889]"
1622,"[1082185, 5585510, 1062002, 6534178, 6533889]"
1623,"[6533765, 6534178, 6533889, 1082185, 6534166]"
1624,"[8015407, 1068504, 986912, 993638, 6534178]"
1625,[1110843 1007136 1005186 6533889 6534166]
1627,"[6534178, 6533765, 6533889, 1082185, 6534166]"
1629,[12484491  1090931  6463789   981240   844165]
1630,"[8019921, 12781831, 9835903, 1082185, 6534178]"
1631,"[883404, 955043, 826249, 6534178, 6533889]"
1632,[8090440 1138443 1087102 1061982 1070845]
1633,[5978648 5978656 1101010 1138443 1093413]
1634,[ 1106301  9836106 12301100  1044078   823990]
1635,[1005186  919766 1009449 6533889 6534166]
1636,[1082185 1127831 1081177 1041259 1037863]
1637,"[1082185, 1127831, 1124729, 7407023, 6534178]"
1638,"[1058997, 5585727, 5587133, 5585635, 6534178]"
1639,[ 9194207 10204333  1128665  1080414  1013928]
1640,[12811532 12302069 12301100   916122   861345]
1641,[7169034 1082185 1127831 1081177  908846]
1642,[1082185 1117514 1105488 1137688 1098248]
1643,[1065538 1106523 1016800  824291  866488]
1644,[1082185 1127831 1081177 1041259  904360]
1647,[ 981760 1092885 1098066  962970 1096036]
1648,"[6534178, 6533765, 8090440, 6533889, 1082185]"
1649,[1082185 1119051 1116821 1127831 7024990]
1650,[1082185 1105488 1075707 1081177 1137688]
1651,[1082185 1119051 1127831 1117514 1101956]
1653,"[6534178, 12582517, 6533889, 1082185, 6534166]"
1654,[1082185 1127831 1081177 1028816 1024306]
1656,[1082185 1127831 1081177  969932 1023720]
1657,[12484608  6534166  6544236  6533889  1021164]
1658,[12262978 12301109 12262778  1109981 12301100]
1659,[1082185 1127831 1137688 6034857 1105488]
1660,[ 923746 1101173  826666 1027480  833723]
1661,[ 824977  879008 1126899  962615 1070820]
1662,[9837365 1053730  916575 1082185 1098844]
1663,"[6534178, 6533765, 6533889, 1082185, 6534166]"
1664,"[849202, 868764, 826249, 883404, 6534178]"
1665,[ 989354 1113588 1043006  826249 1070716]
1666,[1123137 6533889 6534166 5978656 6544236]
1667,[1091365  874855  866227  844165 1092026]
1668,[ 957951  906262 1133018 1106523  863802]
1671,[1082185 1127831 1127179 1055504  989824]
1672,[ 931864 1053282 1058185  882305 5978648]
1673,[ 860248 1053690 1036501 1076842  981760]
1676,"[1026258, 921406, 888586, 6534178, 6533889]"
1677,[5568509 1027569 1004054 1110031 1082454]
1678,[1090931 1106523 1137346 1022428  840361]
1679,[1005186 1108429 1134454 1110843 5978648]
1680,[1005186 1050851 1044078 1000753  874972]
1681,[1075313  995242  951590  873627 1029743]
1683,[5569471  893501 5574377  849843 9527290]
1684,[1082185 1003600  904360  870515  847982]
1685,[5569230  863436  995242 5995199 1137346]
1686,[1070845 1110843  953539  986912 1005186]
1687,[1082185 1127831 1041259 1055504  961554]
1688,[9245106 1044078 1070702  916122  917816]
1689,[1082185 1055646  995785  904360  962568]
1690,[13210025  1094566  1109981   863447   999779]
1691,[1082185 1117514 1037863  904360  962568]
1692,[1023958 1038217  995242 1005609  981760]
1693,"[1082185, 1102949, 1126899, 6534178, 6533889]"
1694,"[6534178, 6533765, 6533889, 1082185, 6534166]"
1695,[6534178 6533765 1012587 5568509  894236]
1697,"[9836106, 1106301, 12301100, 1044078, 6534178]"
1698,[ 880377 1036432 1123420 1059902 1130777]
1699,"[1087102, 1106073, 1048445, 1070076, 6534178]"
1700,[1015247 1088835  962118  882441 1101173]
1701,[ 882305  825135 5978656 5978648  853449]
1702,"[1119993, 1083446, 1101010, 1093030, 6534178]"
1703,[8205218 1115874 5566800 1118393 1124729]
1704,[ 1005186  1211227 15629778   890610  6533889]
1705,[1082185 1033142  979707  962568  904360]
1706,[1082185 1127831 1081177  995785 1033142]
1707,[ 9575181  9189814 10285144 10356547 13842214]
1708,[12810393 12262778 12731660 12731748 12301839]
1710,"[6534178, 6533765, 8090440, 9521679, 6533889]"
1711,[9836903 9521787 9524291 1123842  839419]
1712,[ 840361  849843 1085604 1058997  822241]
1713,[  893362  1060312   851188 12670071   870927]
1714,[1082185 1127831 1081177 1036325  904360]
1715,[1110843 1005186 1093571  981760 1035321]
1716,[1085604  824555  914513 1036432  951526]
1717,"[882489, 995242, 1029743, 6534178, 6533889]"
1718,[1005186  830582  919766 6463949  866540]
1719,[1055503  970747  985999  844179  828106]
1720,[ 1111035 13506200  1081177  1069312  1041259]
1721,[1005186 1067820 6533889 6534166 5978656]
1722,[6534178 9416729 1099089  397896  906335]
1723,[1098844 1082185 1101956 1116821 1112333]
1724,"[1082185, 1127831, 1119051, 1116207, 6534178]"
1726,"[6534178, 8119231, 1082185, 6533889, 6534166]"
1728,[1117514 1081177  995785  847982  930553]
1729,[1110843 1091365 1005186  830582 5569397]
1730,"[6534178, 6533889, 1082185, 6534166, 6533765]"
1731,[6534178 1110843 1131438 1012587  904129]
1732,[1082185 1119051 1127831 1116821 1051516]
1733,[ 986912 1025611  871061 1002418 1020682]
1735,[ 6534178 12262739 12810391 12731436 12263692]
1737,[1870702 1082185 1105488 1127831 1081177]
1738,[8090440 1040807 1043751  965693  819978]
1739,[1053690 1133018  908531  915787 9522059]
1740,[6534166 6534178 6533889 7407023 6533765]
1742,"[826249, 938141, 9420312, 864335, 6534178]"
1743,[6534166 5978648 1009449 1067820 6534178]
1744,[1082185 1116821 1117514 8160430 1135476]
1745,[1002787  988697  936914  899019  921836]
1746,[1051323 1038663 1004613  844179  999779]
1747,"[6534178, 1107420, 12731517, 12263692, 6533889]"
1748,"[6534178, 6533765, 1106523, 6533889, 1082185]"
1749,"[6534178, 1087102, 1042571, 935317, 6533889]"
1750,[ 904997 1135566 1014948 6533889 6534166]
1751,[1130858 9802540 9802643  882308  906830]
1752,[6534178 6533765 1139216 1083446 1131344]
1753,"[5569397, 866227, 879755, 6534178, 6533889]"
1754,[6534178 6533765 5569230  995242  909894]
1755,[1022428 1065593  829950 8090521  999714]
1758,"[9521787, 9521679, 1138443, 1132771, 6534178]"
1759,[1020682  940947 1082185  844462  839419]
1760,[1082185 5585510 1127831 1081177  860776]
1761,[1082185 1102949 1055646 1051516 1068562]
1762,"[6534178, 6533889, 1082185, 6534166, 6533765]"
1763,[13416117  7407023 12757425 10342031 13115287]
1764,"[6534178, 6633031, 6533889, 1082185, 6534166]"
1765,[1034176 1065538  908531  858302  850102]
1766,[8090537 7167249 1036432 1133018  951526]
1767,[ 9546982 12946027  1100927  1042544  1062966]
1768,[12946027 13210025  1127758  6034857  1082185]
1769,"[1109778, 1040807, 920191, 6534178, 6533889]"
1770,"[1082185, 1137688, 1116207, 6534178, 6533889]"
1771,[1113274  905582 1129671  945273  895540]
1773,[ 831888  913210  840361 1062128 1011300]
1774,[1083446 1113438  839419  889509  899019]
1775,"[8293437, 909086, 853756, 1082185, 6534178]"
1776,"[1082185, 1081177, 1117514, 6534178, 6533889]"
1777,[ 864893 1076842  862139  989249  829950]
1778,"[6534178, 6533889, 1082185, 6534166, 6533765]"
1779,[1095700 1042544 1020682  940726  905539]
1781,[1082185 1127831 1105488 1116821 1102949]
1782,[12262830 12262978 13007721 12810393 12301405]
1783,[6534178 1055425  916122  891961  999858]
1784,[8065410 5592232 1123842 1131344 1051989]
1785,"[1082185, 1098248, 1105488, 1102949, 6534178]"
1786,[6534178 6533765 1404121  397896 1110843]
1788,[1042697 1101956 1096317 1082185 1116821]
1789,[1005186 1110843 6533889 6534166 5978656]
1790,[13842088  1092118  1055382  1075214   883932]
1791,[ 910673  836445 1082185 1117514 1092878]
1792,"[7441558, 1075368, 1124729, 5568509, 6534178]"
1793,[12946027 13210025  1043766  5978656   866227]
1794,[1082185 1112238  866211  903325  951412]
1795,"[7441391, 10285144, 7157395, 5568509, 6534178]"
1796,"[6534178, 1103808, 1109370, 1012587, 6533889]"
1797,[ 866227  911409 1082185 1102949 1117514]
1799,[1082185 1127831 1081177  922127 1033220]
1800,[1058997  957951  908531  840361  983665]
1801,[1005186 5568228 6533889 6534166 5978656]
1802,[1113274  885290  821209 5568191 1101173]
1803,[5567950 5566800 1088295 5566398 1124729]
1804,"[6534178, 1029743, 937626, 6533889, 1082185]"
1805,[1063207 1005186 6533889 6534166 5978656]
1806,[8205218 1110843 1100658 1091365  836445]
1807,[8090440 9521787  885863  993638  986912]
1808,[1092118 1120954 1114050 1037840  894236]
1809,[1082185 8290421 1081177 1055504  860776]
1810,[1108094 1018818  864893  860248 1076842]
1811,[6534178 6533765  880363 6533889 6534166]
1812,[12731544   880150   835595   890739  1082185]
1814,[8020001 1132911 1014948  827999 1127831]
1815,[6534178 1070723 1113438 1131438  940947]
1816,[1082185 1081177 1055646  904360  834484]
1817,[6534178 6533765 1082185 1043301  906923]
1818,[1111839 1007191  883404 1133018 1129671]
1819,[ 6602697 12301100   934639  1005186  1110843]
1820,[6534178 1068651  829563  908283 9521679]
1821,"[6534178, 1082185, 1127831, 6602440, 6533889]"
1823,[1071377  948670 1027569  852856 1082185]
1824,"[5569471, 8177622, 5569230, 962229, 6534178]"
1826,[1072523 1044078  844633  944534  950575]
1827,[1137346 1029743  856772 1053690  866488]
1829,"[1082185, 1098844, 1096317, 1102949, 6534178]"
1831,"[6534178, 6533765, 1082185, 6533889, 6534166]"
1832,[1082185 1127179 1098248 1112238 1068562]
1833,[1128333 1135258 9835223 9833277 1070702]
1834,[6534178 6533765 1040807  844647  883003]
1835,"[6534178, 1110843, 1005186, 6533889, 1082185]"
1837,"[6534178, 6533765, 1082185, 1098248, 6533889]"
1839,[1122790 1111118 1101885 1086431 1107597]
1841,[6602327 1079987 1070702 1135258 1082185]
1842,[1027569  968936 5978648  866540 5568228]
1843,[1065538  849202 7410217 1021324  929925]
1845,[9521679 1042697 1132771  986912  878222]
1846,[5569471 5569845  833025  849843 5569230]
1847,[1131115  929018  908283  862349  951590]
1848,"[6534178, 13842088, 1105467, 5566529, 6533889]"
1849,"[1091365, 1110843, 1005186, 6534178, 6533889]"
1850,"[6534178, 1082185, 6533889, 6534166, 6533765]"
1851,[1065538  864900  883404  893501 1059308]
1852,[ 1048507   919766 12810389 12812261 12731685]
1854,"[6534178, 1082185, 1137688, 1127831, 6533889]"
1856,"[1095275, 866227, 6534178, 6533889, 1082185]"
1857,[7157395 7126663 1122268 1031316 6534166]
1858,[1082185 1096317 1081177 1075707 1057102]
1859,[1112238 1082185 1127831 7024990 6633342]
1861,[1043006 1088835 1029743  981760  995242]
1862,[1082185 1119051 1116207 1137688 1101956]
1864,"[1082185, 1127831, 1098844, 1135258, 6534178]"
1865,"[1096643, 5995165, 1039156, 1051069, 6534178]"
1866,[ 1005186  1053282   866540 15630096 15629778]
1867,[ 849202 1076842 5569230 5569471 5569845]
1868,[1103808 1025611  989069  883963  846823]
1869,[1082185 1096317 1102949 1127831 1081177]
1870,[1070820  862349  883404 1023958  909894]
1871,[1082185 1101956 1119051 9547021 5585510]
1872,[6534178 1082185 1870702 1127831 1081177]
1873,"[6534178, 12731808, 9337581, 10456655, 6533889]"
1874,[1016800  917033  871756 1107553  994928]
1875,"[6534166, 6544236, 6533889, 6534178, 1082185]"
1877,[ 831628 1013928 8090440  863447  863762]
1879,[ 9337581  9337684 10285144  9575181 10204487]
1880,[1092264  921438 1038663 1025535 1036432]
1881,"[6534178, 1137775, 1138443, 1087102, 6533889]"
1883,[1092026  947798  883404 1053690  862139]
1884,[1005186 1013677  880363 6533889 6534166]
1885,[1005186 6533889 6534166 5978656 6544236]
1886,[1065538  882441 1092026  879755  844165]
1887,[1095275 1126045 1067820 1009449  904422]
1889,[ 948239 1101173 1048462  904813 9553397]
1890,[1131321 1061982 1046957 1128333 1072523]
1891,[6533889 6534166 5978656 6544236 1055425]
1892,[1092948 1124729 1118393 1080414 1071377]
1893,[1005186 6533889 6534166 5978656 6544236]
1894,[1065538  866140 1034176  957951  962229]
1895,[9835606 1051323 1044078  914915  947858]
1896,"[10285141, 1124729, 1075368, 1037840, 6534178]"
1899,"[1040807, 935317, 833598, 1006342, 6534178]"
1900,"[1132771, 1087102, 6514160, 6534178, 6533889]"
1901,"[6534178, 7431990, 12582517, 9655422, 6533889]"
1902,[1129049 1058997  847434  850102 1097661]
1904,[9362429 1123842 1062966  896862  930666]
1905,[6463949 1092264 1053460 5978656  980353]
1906,"[6534178, 1116005, 871633, 6533889, 1082185]"
1907,"[6534178, 5566398, 1115874, 6533889, 1082185]"
1909,[ 866227 6533889 6534166 5978656 6544236]
1911,[1058997  826249  849843  862349  995242]
1912,[12302069 12301109 12301073 12301405  1119761]
1914,[ 7157395 13842214  9189814  1051069  1124729]
1916,[12731436  6602697  1111035 12810393  1070702]
1917,"[975085, 948670, 942565, 912141, 6534178]"
1918,[8020001 1095275  890610 1005991  866227]
1919,"[1082185, 1081177, 904360, 1026118, 6534178]"
1920,[1082185 1137688 1119051 1116207 1127831]
1921,"[6534178, 1102139, 1092264, 5568228, 6533889]"
1922,[9926758 1087102 1132771 1138443 1070845]
1923,"[6534178, 8090440, 1083446, 6533889, 1082185]"
1924,[908531 983584 883404 995242 965772]
1925,[ 961979 1082185 6034857 1102949 1121193]
1926,[6533889 1042697  882305 6533765  907014]
1927,[ 1082185 12731432 12731425 12810393 12731466]
1928,[8119004 1125199 1085357 1019078  908504]
1929,[1086483  825343  848029 1020581 1068292]
1930,[1118393 1092948 1082185 1124729 1112238]
1931,[8205218 9835903 8291322 1099089 1107289]
1932,[ 1123224  8203782  1015548  6534178 12262778]
1933,[1005186 1110843  830582 6533889 1005991]
1935,"[6533889, 6534178, 1082185, 6534166, 6533765]"
1936,"[1138443, 861445, 1085604, 9526886, 6534178]"
1937,"[1109778, 1110409, 983936, 860890, 6534178]"
1938,[8293439 6533936  849843  921744  981760]
1939,"[6534178, 1138443, 1000493, 879876, 6533889]"
1940,[7441391 1137304 1055863 1042697  987480]
1941,[1133018  826249  947798 1106523  998206]
1942,[ 6534178  9835509 12301109  1070702  1037337]
1943,[10250293 12778577  7410161  7147142 13115504]
1944,"[6534178, 8019977, 1139216, 1006342, 6533889]"
1945,[ 839419  908504  936355  865907 1103513]
1946,[12731436 12425418  6602697  1079987  1082185]
1947,"[1097635, 1132771, 1137775, 6534178, 6533889]"
1948,"[1058997, 1065593, 1022981, 916993, 6534178]"
1949,[908843 962229 898980 923746 999971]
1950,[ 999971 5569230 1070015 1059902  859618]
1951,[1082185 1127831 1081177 1009046  986947]
1952,[6534178 6533765 1404121  397896 1005186]
1953,[1119051 1137688 1134398 5585510 1059527]
1954,[ 1084036  1092878  8357613 12301839  1072685]
1955,[1092948 5568152 1135959 1118393 1124729]
1956,"[9362429, 1042907, 960613, 970866, 6534178]"
1957,[9245108 5569230 1065538 9296919  878715]
1958,[1082185 7169034 6034857 1067606 1068715]
1959,[6544236 5978648 8203342 1049788 5569471]
1960,[ 1124432  1119761 12810393 12731432  9835509]
1961,"[1065538, 1050741, 925626, 849843, 6534178]"
1962,[6534166 6534178 6533889 6410462 1042697]
1963,[9546982 1132280 1099089  839419  854405]
1964,[1131438 1115098 1082185  870428 1112333]
1965,[9926758 8090440 1087102 1070845 1138443]
1966,[ 1135258 12263692  1079987   956599  1035321]
1967,[1091365 1110843 1005186 1082185 1127831]
1968,[ 922318  863664 1082212  902856 9707137]
1969,[1081177  860776 1007195  904360  854852]
1970,"[7147145, 1072086, 1043920, 1013928, 6534178]"
1971,[1083446  936355  932863  905539  947316]
1972,[6534166 6533765 1005186 1077143 1139830]
1975,"[6534178, 1108055, 6533889, 1082185, 6534166]"
1976,"[1082990, 1090375, 1118393, 5580793, 6534178]"
1977,[ 957951  852317 1114597 1116578 1103105]
1979,[1082185 1098844 1119405 1127831 9242918]
1980,[1075214  995242 1128016 1065538  981760]
1981,[8203851 1082185 1117514 1127179 1137688]
1982,"[6533889, 8203720, 8203834, 14106445, 6534178]"
1983,[1055646  961554 1007195  904360  866211]
1984,[1005186 6533889 6534166 5978656 6544236]
1985,"[8116306, 8118676, 7152889, 10285144, 6534178]"
1986,[ 995242  951526 6944571  976300  868075]
1987,[ 995242  981760 1029743  883404  826249]
1988,[ 6534178   397896 12946027   900379   980353]
1989,"[6534178, 866227, 948420, 879734, 6533889]"
1990,"[5978656, 5978648, 1082185, 6534178, 6533889]"
1993,[6534178 6533765 1133018  836281  879755]
1994,[1091365 1108429 1110843 1007136  919766]
1995,[ 6534178  8353115 13072850  1061228   982469]
1996,[1058997 5569230  948239 1126899 6391152]
1997,"[6534178, 1124432, 946995, 916122, 6533889]"
1998,"[1053690, 6534178, 6533889, 1082185, 6534166]"
1999,"[995242, 1114597, 849843, 1132770, 6534178]"
2000,[1007136 9487727 6533889 6534166 5978656]
2001,"[1083446, 1138443, 1043751, 6534178, 6533889]"
2002,[1131438 1012587  886125  854405  839419]
2003,[ 1058997  9553288 10344585  5569471   985427]
2004,[ 9337581 10180500 10204822  1124729  1092948]
2005,[ 819978  986912 1098066  951526  914513]
2006,"[1082185, 1117514, 6534178, 6533889, 6534166]"
2007,"[6534178, 6533889, 1082185, 6534166, 6533765]"
2008,[9655629 9553017 7431990  948670  933841]
2010,[ 1135258 12301839  1086483 12301405  1068292]
2011,[1074333 1082185  961554  865174 1006184]
2012,"[6534178, 6533889, 1082185, 6534166, 6533765]"
2014,[1082185 1037863  995785  979707  961554]
2015,"[9487885, 9526628, 865528, 940947, 6534178]"
2016,"[1088835, 833723, 1085604, 1132770, 6534178]"
2017,"[6534178, 12811966, 1087755, 851066, 6533889]"
2018,[9835619 9926758 8090440 5574481  970152]
2019,"[6534178, 10285144, 7441391, 9546982, 6533889]"
2020,[1132771 1093413  953561  986912  933835]
2021,[9469110 1103808  896862  904129 1012587]
2022,[ 6534178 15971546  7152889  5568411  1041376]
2023,[ 7441391 10204393  9879409  1055863  1069714]
2024,[1067820  925164  826144  853354 1082185]
2025,[6534178 6533765 1404121 1044078  913144]
2026,[1095700 1130858 1042907 1062966  995896]
2027,[ 1005186   830582 13073225   866227  5978648]
2028,[1132280 1012587  887474  836445  839419]
2029,[ 962229  850102 1133018 1003421  823758]
2030,"[1080414, 968936, 1082185, 1101706, 6534178]"
2031,[ 1106301 12810391 12262778  1038745  1044078]
2032,[1070820  883404  864893 1127227  862349]
2033,[6534166 1042697  954077  826272  938849]
2034,[ 6534178   397896   480014  1135258 12810393]
2035,[ 844165 1015247 1029624  849843 1133018]
2036,[ 7147472  7443320 14106445  7441558 13115504]
2037,[1082185 1119051 1137688 1081177 1037863]
2038,[9487723 9337369 9337581 1097363 6034221]
2039,"[1098927, 1051323, 1025535, 985999, 6534178]"
2040,[1085604 1029743 1015247  995242  981760]
2041,"[6534178, 6533765, 921438, 1088771, 6533889]"
2042,[8273950 8291322 1118235 1113438 1136375]
2043,[8205218 9881834 8119318 1107289 1100658]
2044,[1101956 1082185 1117514 1041259 1043301]
2047,[6534166 6533889 8090537 5588666 5584007]
2048,[ 6534178  6391137  1075368 12810422 12810393]
2049,[12457047  1027569 12384565  1103707   920091]
2050,[ 1113111 12731714  1068292  1038663  1000753]
2053,[ 9194207 10351524 10285144 10204487  7441558]
2055,[8119231 1101956 1126786 5591611 9547021]
2056,[1106301  844179  874972  863447 1106523]
2057,[6534178  977798 1053690  976621  849843]
2058,[1138443 1125278 1048522  999250  986912]
2059,[ 957063 5569230 1126899 1023958 1071939]
2060,[1071302 1091365 1110843 1063207 1007136]
2061,[1005186  919766 1048507 1069310 1014948]
2062,[6534178 6533765  836445 1131438  899019]
2063,[1082185 1102949 1098248 1081177 1051516]
2064,[12757425 10204393  1124729  1128665  1039156]
2065,[12262978 13007721 12301839 12811532  1050851]
2068,"[1082185, 1105488, 1137688, 6534178, 6533889]"
2069,[1005186  830582 5588161  982469  986912]
2070,[6534178 8291322 1085357 1131438 1012587]
2071,[1119051 1082185 1081177 1055646 1043301]
2074,[ 826249 1133018  908531 1106523 1023958]
2075,"[1071554, 982469, 949023, 905235, 6534178]"
2076,"[6534178, 13416117, 5703832, 900379, 6533889]"
2077,"[1072685, 1084036, 1082185, 1137688, 6534178]"
2078,[ 999971  917384 1107553 1121410  909894]
2079,[1082185 6548453 1101956 1081177 1069312]
2080,[9337581 1043920 1061228  930870  925514]
2082,"[6534178, 1082185, 1105488, 1117514, 6533889]"
2083,[6534178 1110843 7441391 8019921  862349]
2084,[6534166 6534178 6533765 1134688 1021164]
2085,"[6534178, 6533765, 13189726, 1101010, 6533889]"
2086,[7441391 8160319 1092948 1118393 1137304]
2087,[6534178 1082185 1041259 1037863 1137688]
2088,[ 1082185  1106301 12262778 12810393  1081177]
2089,"[1126899, 847789, 12524323, 1056651, 6534178]"
2090,[12731808 12731484  9706982  1118393  5568509]
2093,[1005186 1053460 6443332 1117249 6533889]
2094,"[1082185, 6034857, 6534178, 6533889, 6534166]"
2095,[6534178 6533765 5569135 1039156 1055863]
2097,[ 893501  962229 1029743 1133018  868764]
2099,[1010190  962229  995242 1029743 1098066]
2100,[1012587  999270  904129  887474 1082185]
2101,[1070820  849843  883404  928049  995242]
2102,"[9333734, 1082185, 9705473, 6534178, 6533889]"
2107,[8090440 9521679 1137775 1087102 1101437]
2108,[1082185 1119051 1105488 1101956 1055646]
2109,[8065410 8205218 1131344 1118281 1120928]
2110,[ 8118676  9420257 10342382  6979241  5573812]
2111,[1058997  908531  906838  956813  846334]
2112,"[1082185, 1137688, 1127831, 6534178, 6533889]"
2113,[1101010 1042544  948232  889509 1092026]
2114,[1005186  830582  926422 1119051 1082185]
2115,"[6534178, 5668996, 1070820, 6533889, 1082185]"
2116,[5578437  848029  828106 1070702  916122]
2117,[8090440 1106073 1104604  933060  993638]
2119,"[6534178, 1082185, 6034857, 6533889, 6534166]"
2120,[1005186 6533889 6534166 5978656 6544236]
2121,"[6534178, 1404121, 1082185, 1098248, 6533889]"
2122,[1082185 1127831 1081177 1041259  891141]
2123,[13210025  5568228  1012587   993638   973916]
2124,"[6534178, 1082185, 6533889, 6534166, 6533765]"
2125,"[6534178, 5703832, 9521679, 6533889, 1082185]"
2126,[1009449 1082185 1098844 6034857 1137688]
2127,[1012873 1029743 1071939 1126899 1056746]
2129,[9546982 1099089 1131438  981086 1025611]
2130,[6534178  986912  836445  854405  830203]
2131,[1138443  993638  861445  830203  866755]
2132,[1005186 1053282 5978648 1132911 6533889]
2133,"[6534178, 1082185, 1102949, 6533889, 6534166]"
2134,[1098719 1027168  910032 1082185 1137688]
2136,[1082185 5569615 1127831 9242918 7024990]
2137,[6534178 1095700  910673 1012587  836445]
2138,[ 882441  908531  999971 1092026  844165]
2139,[12262830 12731714 12301839   853887   863447]
2140,[9926758 9835619 1106073  993638 1082185]
2141,[1043751  933835  827656  883003  971922]
2142,"[7025202, 8090440, 1119993, 1082185, 6534178]"
2144,[12349795  9835223  1044078   831628   844179]
2145,[ 6391080  9677366  5995129   997821 10149640]
2146,[1003054 5978656 5978648  904236 1053690]
2147,"[6534178, 1082185, 1098248, 6533889, 6534166]"
2148,[9707240  950894 1101010 1043751 1000493]
2149,[ 6534166  6534178 13095289  9552910 13416117]
2153,[6534166 6533889 1082185 1096317 1081177]
2154,[1083446 1103691 1062966 1012587  999270]
2156,[ 833723  913202  861272  995242 1022981]
2158,[10285144  8160319  1055863   862349  1098066]
2159,[12810472 13003092  8357613  1119860 12731544]
2160,[1070702 1044078  874972  998239  916122]
2161,"[5569230, 1126899, 849202, 6534178, 6533889]"
2162,"[6534178, 7154535, 12524511, 6533889, 1082185]"
2165,[1005186 8011291 6533889 6534166 5978656]
2168,[9836903 1052294 1039156 1051069  937210]
2170,[6534178 6533765 1084587 1080414 1037840]
2171,"[1106073, 1137775, 933835, 1082185, 6534178]"
2172,"[849202, 1101744, 1029743, 6534178, 6533889]"
2173,[1044078  844179  968072  819308  926523]
2174,[ 979746 1119879  860975  850058  903674]
2175,[ 1119761 12384775 12810391 12262778  1044078]
2179,[1082185 1119051 1051516 1052912 1070015]
2181,[1082185 1105488 1137688 1119051 1127831]
2182,[1005186 1108429  885863  883003 8160319]
2183,"[6534178, 1082185, 6533889, 6534166, 6533765]"
2184,"[6534178, 1110843, 6533889, 1082185, 6534166]"
2185,[9546982 8291322 1103808 1095393 5566309]
2186,"[1075368, 1037840, 9835903, 6534178, 6533889]"
2187,[1099089 1082185 1081177  926905  833025]
2188,"[6534178, 1110843, 1101010, 1040807, 6533889]"
2189,"[1082185, 1102949, 1127831, 1062002, 6534178]"
2190,"[6534178, 10285144, 10285141, 6533889, 1082185]"
2192,[1005186 6533889 6534166 5978656 6544236]
2193,[1118235 1025611  904129  899019  883819]
2194,"[6534178, 12757425, 5995423, 1039156, 6533889]"
2195,[1093571  938187 1082185 9547021 1105488]
2196,[1082185 1102949 1098248 1112333 1055646]
2197,"[5569230, 8090521, 1021324, 12384565, 6534178]"
2198,"[6534178, 9189814, 6533889, 1082185, 6534166]"
2199,[6534178 1055853  929668 1058997  972569]
2200,"[9487885, 981760, 1092026, 929668, 6534178]"
2203,[1018818 1034176 1029688  913210 1065538]
2204,[8116306 1039156  978913  821730  935546]
2206,"[1029743, 826249, 857697, 981760, 6534178]"
2207,[ 7431989 13072850  7126663  7441391  1124729]
2208,[10118257  8119103  9526628  8091550  1128206]
2209,"[6534166, 7441391, 1087062, 5567950, 6534178]"
2210,[ 1110843   955475 12946027 12811966  9836106]
2211,[6533889 1042697  844179  944836 1082185]
2213,[1041407 1053282  866227 1082185 1117514]
2214,[1005186 6533889 6534166 5978656 6544236]
2215,[13506119  8203760 13775628  8203834  1128240]
2216,[1005186 5568228 6533889 6534166 5978656]
2217,[6534178 5978656 5978648 1082185 1098248]
2218,[1049788 9835223  823990  848029  828106]
2220,[1005186 5978648 5978656 6533889 6534166]
2221,"[1082185, 1106301, 1096317, 6534178, 6533889]"
2222,[1034176 5569230 1029688 1065538  995242]
2223,[ 904997 1092363 5978656 6463949 1133378]
2224,[8205252 1110843  923670  974250 1005186]
2225,[ 894499 1058997  873887  844991 1059891]
2226,[1110843 1005186 1007136 1105661 1107597]
2227,[1085604  883404  962229 1107553  943233]
2229,"[1082185, 5569615, 1119405, 6534178, 6533889]"
2230,[1082185 1119051 7024990 1134398 1057102]
2231,"[1082185, 1105488, 1137688, 1119051, 6534178]"
2232,[ 868764  883404 9526410 9526757  908531]
2233,"[6534178, 1125278, 971922, 1082185, 6533889]"
2234,"[6534178, 8065410, 6533889, 1082185, 6534166]"
2235,[1118623  943320  976199  844155  849202]
2236,[1005186 1108429 1134454  919766 5978656]
2237,"[6534178, 1082185, 1102949, 1116821, 6533889]"
2238,[6391080 1082185 1122268 8293732 1128665]
2240,"[12456375, 7126663, 1131438, 910032, 6534178]"
2241,[1082185 1105488 9705473 1069415 1052912]
2242,[1082185 1119051 9705473 6034857 1124729]
2243,[7025202 1043751  971922 1028995  883003]
2244,[9575181 9337581 6391137 1124729 1092948]
2245,"[825618, 951703, 951102, 1082310, 6534178]"
2247,[1042544 1042907  989069 1002418  836445]
2248,[6979253  990797 8090536 1015785 1113274]
2250,[883404 906838 995242 908531 957063]
2251,[ 970866 1107553  943233  844165  883404]
2252,"[6534178, 6533889, 1082185, 6534166, 6533765]"
2255,[1037692 1103707 1015785  916381  985119]
2256,[1005186 6533889 6534166 5978656 6544236]
2257,"[1104349, 1133018, 1106523, 1068719, 6534178]"
2259,[ 929433 1033615  995242  981760 1029743]
2260,"[6534178, 9189814, 12731632, 13842214, 6533889]"
2261,"[6534178, 6533765, 1124729, 6533889, 1082185]"
2262,"[862349, 919589, 1023958, 1019247, 6534178]"
2263,[1044078  970747  871611  916122  948650]
2264,[9575181 1088295  851341 8090440 9521679]
2266,"[6534178, 1082185, 6533889, 6534166, 6533765]"
2267,[1108429 1091365 1005186 1126899  905868]
2268,[ 906844 1065593  995242  981760 1111080]
2269,[8065410 1092937  999270 1022105  823704]
2270,[9337581 1124729 1080414 1051069  986912]
2272,[1040807  953539  932949  883003  920191]
2273,[998373 923746 895540 981760 880427]
2274,[12778577  8205218  7410161 15512235 13072850]
2275,"[883404, 1134483, 1133072, 6534178, 6533889]"
2276,[1070538  916122 1082185  897954  995785]
2277,[ 826666  882441  999971 1132770 1133018]
2278,[ 825135 8020001 1123137 8203753 5568228]
2279,[1053690  844165 1065593  883404  851569]
2280,"[6534178, 1133051, 1082990, 6533889, 1082185]"
2281,[6514160 5588161 1095700  906335 1097849]
2282,[1082185 1098248 1101956 1137688 1119051]
2283,"[6534178, 969725, 5978648, 844697, 6533889]"
2284,"[1092750, 1118235, 1110031, 6514160, 6534178]"
2285,[6534178 1082185 1102949 1116821 9242918]
2286,[1110843  941830 8020001 6534178  857215]
2287,"[1087102, 1132771, 1046957, 971922, 6534178]"
2288,[5569397 5568228  866227  904422 1007136]
2289,[15971546 10356061  9802643  7441391  8160319]
2290,[1013677  996651 1053460 5978656 5978648]
2291,[ 986912 1088835  953134  938203 1111839]
2292,[6534178 1404121  882441  916767  883404]
2294,[1082185 1127831 5585510 1074333 1069312]
2295,[6534178 1137688  995785  834484  847270]
2296,[1103556 1115874 1137304 1088295 1080414]
2297,[1005186 1009449  866227 1042697 7442353]
2298,[9333734 9469110 8065410 1092937 1131438]
2299,[1107089 1124674 1114597  861272  884897]
2300,"[973916, 1082185, 5569615, 6534178, 6533889]"
2301,[1057749  883404 9527494  868075 1110572]
2302,[9836903 8065410 8205218 1107289 1002459]
2303,[5978656  821695 5568228 1045966 6534178]
2305,[ 908531  840361  995242 1128016 1029743]
2307,[1049788 1070845 1138443 1124971  933835]
2308,[12384565 12172071   953134   938725  1029743]
2309,[1005186  853354 1067820 6533889 6534166]
2310,[ 995242 1077975 1132770  909894 1070015]
2312,"[8090440, 1082185, 1127831, 1119051, 6534178]"
2313,[6534178 6533765 1404121  397896 1005186]
2314,"[9834636, 5591520, 1070845, 965693, 6534178]"
2317,"[6534178, 1138443, 1040807, 933835, 6533889]"
2319,[ 913202 1029743  937791 1060269 6463658]
2321,[6034857 1127831 1082185 1081177  892314]
2322,"[1082185, 1127831, 1137688, 6534178, 6533889]"
2323,[6534178 6533765 1404121  397896 1005186]
2324,[7441844 1092948 5564067 1118393 1122268]
2326,[ 907128  883404  874736  920308 9527487]
2328,[ 6544236  6534166  6772791  9803654 10255158]
2330,[6534178 1076842 1029688  860248 1133018]
2331,[ 1082185  1043301  1044078 12812261 12262778]
2332,[1076842 1026623  860248 5568758 1117723]
2333,[1005186 5978656 6533889 6534166 6544236]
2334,"[1102416, 5566800, 1075368, 6534178, 6533889]"
2335,[ 1103808   839419   882190 12302069  9835223]
2336,[ 833025  862139  955774 1029743 5568489]
2337,"[1103691, 1012587, 1001148, 865330, 6534178]"
2338,[1082185 1119051 1137688 7024990 1069415]
2339,[1005186 6533889 6534166 5978656 6544236]
2341,[1118393 1092948 5995423 1080414  949023]
2342,"[6534178, 1404121, 1095275, 866548, 6533889]"
2343,[6534178 6533765 5568228  890610 1041259]
2344,[6534178 5569230 8090537  862799 1133018]
2345,[8205218 1103808 1109370  899019  887474]
2346,[1126786 1102949 1127831 1082185 1055646]
2347,"[6534178, 5978656, 1065538, 994928, 6533889]"
2348,[1082185 1127831 1081177  998444  995785]
2349,[6534178 1070820  930917  845193  882441]
2350,[1110843 1005186  882305 5978656 8203782]
2351,"[6534178, 9521679, 13073225, 8203834, 6533889]"
2352,[1053282  904422  890610 1082185 1133018]
2353,[1082185 1102949 1116821 1127831 5563693]
2354,[9524291 8019977 1118393 1051069  999250]
2355,[1082185 1127831 1081177 1041259  995785]
2357,[1005186 1049788  968036 6533889 6534166]
2358,"[8011291, 1135566, 1009449, 904422, 6534178]"
2359,[ 9836106 12810422  1044078  1038663   879755]
2360,[6534178  933067 1082185 1137688 1127831]
2361,"[982790, 823704, 12811532, 12810422, 6534178]"
2362,[5588161 1132280 1062966  844462 1001148]
2363,[ 949294  882305  904236 6533889 6534166]
2364,[1005186 6534178 6533765 1404121  982469]
2366,[ 6534178  8160319 13095243   948670 12301100]
2367,[ 7147142  8293732 10285144  1118120  1135681]
2368,[1133378  889023 1107553  998239 1077555]
2369,[8020001 1128812  889023 1005186 1117393]
2370,"[6533889, 1049788, 862349, 1070015, 6534178]"
2371,[9833277 9835408 1072523 1068292 1045779]
2372,[1082185 1102949  995965  961554  930118]
2373,[1133018  995242  981760 1029743  883404]
2374,"[1082185, 1102949, 1070820, 6534178, 6533889]"
2375,[6034857 1127831 5585510 1082185 1081177]
2376,"[6534178, 6533889, 1082185, 6534166, 6533765]"
2377,"[6534178, 1082185, 1055646, 1037863, 6533889]"
2378,[9365106 1103808 5566309  952408  933835]
2379,"[8019977, 1113438, 839419, 854405, 6534178]"
2380,"[6534178, 1125199, 6533889, 1082185, 6534166]"
2381,[9546982 1093413  854405  904129  910673]
2383,[9673969  882305 6533889 6534166 5978656]
2386,[6534178 6533765 9245106 1079987 1050851]
2387,[1131438  940947  825970 1020682  910032]
2388,[5978656  890610  936229  866540 1128206]
2389,[1105623 8090521 1137346 1029743  995242]
2392,[ 1134678 12810393  8357613  9836106  1113111]
2393,[1057260 1065593  906844  865907  983665]
2394,[1117393 1005186 1015548 6533889 6534166]
2395,[1041157 9420312 5569230 1132770 1029688]
2396,[12731436 12301109  9835509  1044078   916122]
2398,[1127179 7169034 1059527 1024306 1023720]
2399,[ 849843 9553288  823758 1109352 1106523]
2400,"[6534166, 6533889, 6534178, 1082185, 6533765]"
2401,[1119051 1082185 5585510 1127831 1081177]
2402,[1082185 1081177 1033142  845208  995785]
2404,[1082185 1127831 1081177 1041259 1037863]
2405,[6534178 6533765 1139216  936914 1025611]
2406,[5588161  949294 1002172  899019  910032]
2407,"[6544236, 6533889, 10255158, 1039156, 6534178]"
2408,[8020243 1138443 1101010  953561  941295]
2410,[ 8116306 12811966  9802643  5568152  1136988]
2412,[12582517  9526884   844165   906838  1092026]
2415,[1101589 1039156  894236  835986  918046]
2416,[6534178 1042544  839419 1012587  978077]
2418,[9245108 8020001 1005186  830582  961979]
2419,[5978648 1048507 1014948  860248 6534178]
2420,[ 8203851 13506119  1107289  1020682  1012587]
2421,"[1138443, 1040807, 866755, 845307, 6534178]"
2423,[6534178 7157395 1092948 1128665 1080414]
2424,[1082185 6034857 9705473 1137688 1127179]
2425,[ 6533889   973802   880505 10457471  1029743]
2426,"[1009449, 1058404, 6534178, 6533889, 1082185]"
2427,"[6534178, 1058997, 6533889, 1082185, 6534166]"
2430,[6534178  845193  981760  908531 5569230]
2431,[1102949 1037863  912681  962274  847982]
2432,"[1101010, 986912, 1085604, 995242, 6534178]"
2435,[ 1082185  1127831 12731517 12810391  9835223]
2437,[1082185 8290421 6633210 1069312  995785]
2438,[6534178 5703832 6533765 1404121 9677407]
2440,[ 911215  971325 1053763  900491  883404]
2441,[ 7441391  7441558 10204488  7441844  1137304]
2442,[ 1098066  1058997   826249 12949590   849843]
2445,"[6534178, 879755, 1107553, 995242, 6533889]"
2446,"[6533889, 1426702, 1104604, 6534178, 1082185]"
2447,[8160319 6773055 1087618 1013928  944486]
2448,[5978656 5978648  993638  986912 1049788]
2449,[8118676 9802540 1105661 1135959 1136988]
2450,"[6534178, 1042907, 999581, 1012587, 6533889]"
2451,[5590765 1118393  837569  948670  987480]
2452,[ 985119 1088835  844165 1111839  850102]
2453,[1110843 1091365 1005186 1082185 1098844]
2454,[9655715 1129822 6034221 5592888 1080414]
2455,[1043301  983795 1029743  849202  867447]
2456,[1058997  997506 1078346  861272 7025114]
2457,[1133018  840361 1053690  909396  952254]
2458,[8019977 1123842 1013167 1127831 1082185]
2459,[6534178 6533765  904997  867420  973916]
2460,[1091365 1005186  882305 5978648 5568228]
2461,"[6514160, 854405, 839419, 1098844, 6534178]"
2462,"[6534178, 12946027, 6034857, 6533889, 1082185]"
2464,[1005186 1013925 5978656  962199 6533889]
2465,"[1092264, 911409, 856252, 6534178, 6533889]"
2466,[1069312  841228  860776  995965  962568]
2467,"[1083446, 1058997, 1036501, 6534178, 6533889]"
2468,"[1139830, 1095275, 866227, 1082185, 6534178]"
2469,[ 1094566  1130375 12731436 13158494 12302069]
2470,[1082185 1057350 1043301 1025650 1026118]
2471,[ 925164 1014948  827999 6533889 6534166]
2472,[ 8293732  7157395 13095461  1013928   948670]
2474,[1117514 1082185 1127831 1081177  904360]
2475,"[9521679, 1132771, 1070845, 971922, 6534178]"
2478,[1107289 1092937 1001148 1002459 1082185]
2479,[10342382 14025499 10308337 14025268  1111118]
2481,"[6534178, 6533765, 12810391, 9835223, 6533889]"
2482,[ 846014 5978648 5978656 1015247 1025535]
2483,[1095700 1118046  972665  948832  942792]
2484,"[6534178, 6533765, 1042544, 6533889, 1082185]"
2485,[ 995242  883404  927191  893501 1134483]
2486,[1082185 1022003  870780  836393  883404]
2487,[1099089 1132280 1062966 1027168  914190]
2488,[6534178 6533765  940947  972665  854405]
2489,[1029743  989075  951526  840361 1088910]
2490,"[1065593, 1106523, 999104, 849843, 6534178]"
2492,"[883404, 1065593, 1089074, 1106523, 6534178]"
2494,[ 849843  862349  840361 1071939  829291]
2495,[1005186 6533889 6534166 5978656 6544236]
2496,[6534178 6533765 5570291 5588161 5567322]
2497,[1040807 1043751 1018740  921504  819978]
2498,[1106523  933354  861272 1053690  826249]
2499,[1070820  826249  999971  941797 1098066]
2500,[6534178 1085357 5978656 5978648  854405]
